key,targetType,targetId,districtGu,name,category,status,statusLabel,note,lat,lng,fixedLat,fixedLng,fixedSource,fixedSourceUrl,kakaoUrlX,kakaoUrlY,sourceKey,placeId,ufid,sourceId,updatedAt,evidenceAction,evidencePrimarySource,kakaoStatus,kakaoPlaceName,kakaoDistanceM,poiStatus,poiName,poiDistanceM
facility:1374,facility,1374,강서구,HOTEL THE BRAIN,ACCOMMODATION,KEEP,유지,[지도/POI 1차판정] 카카오 지도 근거 확인 / 카카오=더브레인호텔(1.3m); POI=더브레인호텔(0.8m),35.0817377,128.8722958,,,,,,,barrier_free_facility:9816,1374,,barrier_free_facility:9816,2026-04-27T08:19:05.747867+00:00,RENAME_REVIEW,KAKAO,KAKAO_MEDIUM,더브레인호텔,1.3,MATCH_STRONG,더브레인호텔,0.8
facility:1299,facility,1299,강서구,W모텔,ACCOMMODATION,KEEP,유지,[지도/POI 1차판정] 카카오 지도 근거 확인 / 카카오=W호텔(0.2m); POI=W호텔(2.6m),35.1007845,128.9288741,,,,,,,barrier_free_facility:9427,1299,,barrier_free_facility:9427,2026-04-27T08:19:05.747867+00:00,RENAME_REVIEW,KAKAO,KAKAO_STRONG,W호텔,0.2,MATCH_STRONG,W호텔,2.6
facility:1359,facility,1359,강서구,레전드호텔,ACCOMMODATION,KEEP,유지,[지도/POI 1차판정] 카카오 지도 근거 확인 / 카카오=레전드호텔(1.6m); POI=레전드호텔(1.7m),35.1596479,128.8639555,,,,,,,barrier_free_facility:9746,1359,,barrier_free_facility:9746,2026-04-27T08:19:05.747867+00:00,KEEP,KAKAO,KAKAO_STRONG,레전드호텔,1.6,MATCH_STRONG,레전드호텔,1.7
facility:1298,facility,1298,강서구,마틴호텔,ACCOMMODATION,KEEP,유지,[지도/POI 1차판정] 카카오 지도 근거 확인 / 카카오=호텔제이드(0.0m); POI=마틴호텔(10.9m),35.1011020,128.9286823,,,,,,,barrier_free_facility:9426,1298,,barrier_free_facility:9426,2026-04-27T08:19:05.747867+00:00,RENAME_REVIEW,KAKAO,KAKAO_STRONG,호텔제이드,0.0,MATCH_STRONG,마틴호텔,10.9
facility:1362,facility,1362,강서구,베스트 루이스 해밀턴 호텔,ACCOMMODATION,KEEP,유지,[지도/POI 1차판정] 카카오 지도 근거 확인 / 카카오=루이스해밀턴호텔(0.5m); POI=베스트루이스해밀턴호텔범방점(6.8m),35.1468105,128.8788180,,,,,,,barrier_free_facility:9777,1362,,barrier_free_facility:9777,2026-04-27T08:19:05.747867+00:00,KEEP,KAKAO,KAKAO_STRONG,루이스해밀턴호텔,0.5,MATCH_STRONG,베스트루이스해밀턴호텔범방점,6.8
facility:1352,facility,1352,강서구,베스티호텔,ACCOMMODATION,KEEP,유지,[지도/POI 1차판정] 카카오 지도 근거 확인 / 카카오=베스티호텔(7.5m); POI=베스티호텔(1.6m),35.1282058,128.8539500,,,,,,,barrier_free_facility:9707,1352,,barrier_free_facility:9707,2026-04-27T08:19:05.747867+00:00,KEEP,KAKAO,KAKAO_STRONG,베스티호텔,7.5,MATCH_STRONG,베스티호텔,1.6
facility:1297,facility,1297,강서구,부티크호텔 JK,ACCOMMODATION,KEEP,유지,[지도/POI 1차판정] 카카오 지도 근거 확인 / 카카오=부티크호텔JK(1.7m); POI=헤리티지호텔(25.0m),35.1002040,128.9284566,,,,,,,barrier_free_facility:9425,1297,,barrier_free_facility:9425,2026-04-27T08:19:05.747867+00:00,KEEP,KAKAO,KAKAO_STRONG,부티크호텔JK,1.7,MATCH_STRONG,헤리티지호텔,25.0
facility:1375,facility,1375,강서구,브라운 도트 호텔,ACCOMMODATION,KEEP,유지,[지도/POI 1차판정] 카카오 지도 근거 확인 / 카카오=브라운도트호텔 신호점(1.8m); POI=브라운도트호텔(0.9m),35.0833215,128.8707355,,,,,,,barrier_free_facility:9817,1375,,barrier_free_facility:9817,2026-04-27T08:19:05.747867+00:00,KEEP,KAKAO,KAKAO_STRONG,브라운도트호텔 신호점,1.8,MATCH_STRONG,브라운도트호텔,0.9
facility:1333,facility,1333,강서구,서부산관광호텔,ACCOMMODATION,KEEP,유지,[지도/POI 1차판정] 카카오 지도 근거 확인 / 카카오=서부산호텔 전기차충전소(2.2m); POI=서부산호텔하운드(0.0m),35.1116336,128.8825178,,,,,,,barrier_free_facility:9624,1333,,barrier_free_facility:9624,2026-04-27T08:19:05.747867+00:00,RENAME_REVIEW,KAKAO,KAKAO_STRONG,서부산호텔 전기차충전소,2.2,MATCH_STRONG,서부산호텔하운드,0.0
facility:227,facility,227,강서구,신라스테이 서부산,ACCOMMODATION,KEEP,유지,[지도/POI 1차판정] 카카오 지도 근거 확인 / 카카오=신라스테이 서부산(12.8m); POI=신라스테이서부산(4.9m),35.0967044,128.9052901,,,,,,,accommodation:160,227,,accommodation:160,2026-04-27T08:19:05.747867+00:00,KEEP,KAKAO,KAKAO_STRONG,신라스테이 서부산,12.8,MATCH_STRONG,신라스테이서부산,4.9
facility:1321,facility,1321,강서구,신라스테이 서부산,ACCOMMODATION,KEEP,유지,[지도/POI 1차판정] 카카오 지도 근거 확인 / 카카오=신라스테이 서부산(10.2m); POI=신라스테이서부산(0.0m),35.0966666,128.9052624,,,,,,,barrier_free_facility:9495,1321,,barrier_free_facility:9495,2026-04-27T08:19:05.747867+00:00,KEEP,KAKAO,KAKAO_STRONG,신라스테이 서부산,10.2,MATCH_STRONG,신라스테이서부산,0.0
facility:1294,facility,1294,강서구,씨사이드모텔,ACCOMMODATION,KEEP,유지,[지도/POI 1차판정] 카카오 지도 근거 확인 / 카카오=씨사이드모텔(0.5m); POI=씨사이드모텔(0.6m),35.0983083,128.9277221,,,,,,,barrier_free_facility:9422,1294,,barrier_free_facility:9422,2026-04-27T08:19:05.747867+00:00,KEEP,KAKAO,KAKAO_STRONG,씨사이드모텔,0.5,MATCH_STRONG,씨사이드모텔,0.6
facility:1320,facility,1320,강서구,씨엘오션호텔,ACCOMMODATION,KEEP,유지,[지도/POI 1차판정] 카카오 지도 근거 확인 / 카카오=Cl오션호텔(0.2m); POI=씨엘오션호텔(2.2m),35.0907341,128.9020714,,,,,,,barrier_free_facility:9494,1320,,barrier_free_facility:9494,2026-04-27T08:19:05.747867+00:00,RENAME_REVIEW,KAKAO,KAKAO_STRONG,Cl오션호텔,0.2,MATCH_STRONG,씨엘오션호텔,2.2
facility:1282,facility,1282,강서구,에어포트호텔,ACCOMMODATION,KEEP,유지,[지도/POI 1차판정] 카카오 지도 근거 확인 / 카카오=에어포트호텔(4.0m); POI=에어포트호텔(0.0m),35.1656933,128.9545030,,,,,,,barrier_free_facility:9362,1282,,barrier_free_facility:9362,2026-04-27T08:19:05.747867+00:00,KEEP,KAKAO,KAKAO_STRONG,에어포트호텔,4.0,MATCH_STRONG,에어포트호텔,0.0
facility:1296,facility,1296,강서구,헤리티지 디자인 호텔,ACCOMMODATION,KEEP,유지,[지도/POI 1차판정] 카카오 지도 근거 확인 / 카카오=헤리티지디자인호텔(0.1m); POI=헤리티지디자인호텔(1.1m),35.1003764,128.9286483,,,,,,,barrier_free_facility:9424,1296,,barrier_free_facility:9424,2026-04-27T08:19:05.747867+00:00,KEEP,KAKAO,KAKAO_STRONG,헤리티지디자인호텔,0.1,MATCH_STRONG,헤리티지디자인호텔,1.1
facility:3272,facility,3272,강서구,김해공항 국내선청사,CHARGING_STATION,KEEP,유지,[지도/POI 1차판정] 카카오 지도 근거 확인 / 카카오=김해국제공항 국내선 부산관광안내소(5.1m); POI=김해공항국제선(2층)(버스정류장)(69.6m),35.1729352,128.9468333,,,,,,,charging_station:1,3272,,charging_station:1,2026-04-27T08:19:05.747867+00:00,RENAME_REVIEW,KAKAO,KAKAO_STRONG,김해국제공항 국내선 부산관광안내소,5.1,MATCH_STRONG,김해공항국제선(2층)(버스정류장),69.6
facility:3273,facility,3273,강서구,김해공항 국제선청사 1층,CHARGING_STATION,KEEP,유지,[지도/POI 1차판정] 카카오 지도 근거 확인 / 카카오=김해국제공항 국제선2층공항종합안내(26.1m); POI=김해공항국제선(2층)(버스정류장)(69.6m),35.1729352,128.9468333,,,,,,,charging_station:2,3273,,charging_station:2,2026-04-27T08:19:05.747867+00:00,RENAME_REVIEW,KAKAO,KAKAO_STRONG,김해국제공항 국제선2층공항종합안내,26.1,MATCH_STRONG,김해공항국제선(2층)(버스정류장),69.6
facility:3276,facility,3276,강서구,대저역,CHARGING_STATION,KEEP,유지,[지도/POI 1차판정] 카카오 지도 근거 확인 / 카카오=대저역 부산3호선(8.7m); POI=대저역(0.8m),35.2133571,128.9610531,,,,,,,charging_station:5,3276,,charging_station:5,2026-04-27T08:19:05.747867+00:00,KEEP,KAKAO,KAKAO_STRONG,대저역 부산3호선,8.7,MATCH_STRONG,대저역,0.8
facility:3274,facility,3274,강서구,부산광역시 강서구청 종합민원실,CHARGING_STATION,KEEP,유지,[지도/POI 1차판정] 카카오 지도 근거 확인 / 카카오=부산광역시강서구청(2.3m); POI=부산광역시강서구청(1.8m),35.2122029,128.9805851,,,,,,,charging_station:3,3274,,charging_station:3,2026-04-27T08:19:05.747867+00:00,KEEP,KAKAO,KAKAO_STRONG,부산광역시강서구청,2.3,MATCH_STRONG,부산광역시강서구청,1.8
facility:3275,facility,3275,강서구,부산김해경전철 덕두역,CHARGING_STATION,KEEP,유지,[지도/POI 1차판정] 카카오 지도 근거 확인 / 카카오=덕두역 부산김해경전철(1.9m); POI=휠체어급속충전기(0.0m),35.1820003,128.9541983,,,,,,,charging_station:4,3275,,charging_station:4,2026-04-27T08:19:05.747867+00:00,RENAME_REVIEW,KAKAO,KAKAO_STRONG,덕두역 부산김해경전철,1.9,MATCH_STRONG,휠체어급속충전기,0.0
facility:3277,facility,3277,강서구,체육공원역,CHARGING_STATION,KEEP,유지,[지도/POI 1차판정] 카카오 지도 근거 확인 / 카카오=체육공원역 부산3호선(4.6m); POI=체육공원역(0.4m),35.2125058,128.9694562,,,,,,,charging_station:6,3277,,charging_station:6,2026-04-27T08:19:05.747867+00:00,KEEP,KAKAO,KAKAO_STRONG,체육공원역 부산3호선,4.6,MATCH_STRONG,체육공원역,0.4
facility:1316,facility,1316,강서구,365자연안에 한의원,HEALTHCARE,KEEP,유지,[지도/POI 1차판정] 카카오 지도 근거 확인 / 카카오=365자연안에한의원 입원병동(0.0m); POI=365자연안에한의원(28.7m),35.0976355,128.9208578,,,,,,,barrier_free_facility:9482,1316,,barrier_free_facility:9482,2026-04-27T08:19:05.747867+00:00,KEEP,KAKAO,KAKAO_STRONG,365자연안에한의원 입원병동,0.0,MATCH_STRONG,365자연안에한의원,28.7
facility:1379,facility,1379,강서구,가덕도보건지소,HEALTHCARE,KEEP,유지,[지도/POI 1차판정] 카카오 지도 근거 확인 / 카카오=가덕도보건지소(0.1m); POI=가덕도보건지소(1.0m),35.0535980,128.8304293,,,,,,,barrier_free_facility:9830,1379,,barrier_free_facility:9830,2026-04-27T08:19:05.747867+00:00,KEEP,KAKAO,KAKAO_STRONG,가덕도보건지소,0.1,MATCH_STRONG,가덕도보건지소,1.0
facility:1327,facility,1327,강서구,갑을녹산병원,HEALTHCARE,KEEP,유지,[지도/POI 1차판정] 카카오 지도 근거 확인 / 카카오=갑을녹산병원(0.0m); POI=갑을녹산병원(1.7m),35.0905660,128.8533125,,,,,,,barrier_free_facility:9590,1327,,barrier_free_facility:9590,2026-04-27T08:19:05.747867+00:00,KEEP,KAKAO,KAKAO_STRONG,갑을녹산병원,0.0,MATCH_STRONG,갑을녹산병원,1.7
facility:1287,facility,1287,강서구,강동보건지소,HEALTHCARE,KEEP,유지,"[지도/POI 1차판정] 카카오 지도 근거 확인 / 카카오=무더위,한파쉼터 강동보건지소(5.5m); POI=강동보건지소입구(3.2m)",35.2162043,128.9376710,,,,,,,barrier_free_facility:9381,1287,,barrier_free_facility:9381,2026-04-27T08:19:05.747867+00:00,KEEP,KAKAO,KAKAO_STRONG,"무더위,한파쉼터 강동보건지소",5.5,MATCH_STRONG,강동보건지소입구,3.2
facility:1312,facility,1312,강서구,개나리소아청소년과 병원,HEALTHCARE,KEEP,유지,[지도/POI 1차판정] 카카오 지도 근거 확인 / 카카오=개나리소아청소년과병원(0.1m); POI=개나리소아청소년과병원(2.9m),35.0981192,128.9224246,,,,,,,barrier_free_facility:9472,1312,,barrier_free_facility:9472,2026-04-27T08:19:05.747867+00:00,KEEP,KAKAO,KAKAO_STRONG,개나리소아청소년과병원,0.1,MATCH_STRONG,개나리소아청소년과병원,2.9
facility:1310,facility,1310,강서구,명지오션척병원,HEALTHCARE,KEEP,유지,[지도/POI 1차판정] 카카오 지도 근거 확인 / 카카오=명지오션척병원(0.0m); POI=명지오션척병원(0.0m),35.0811616,128.9032827,,,,,,,barrier_free_facility:9456,1310,,barrier_free_facility:9456,2026-04-27T08:19:05.747867+00:00,KEEP,KAKAO,KAKAO_STRONG,명지오션척병원,0.0,MATCH_STRONG,명지오션척병원,0.0
facility:1382,facility,1382,강서구,천성보건소,HEALTHCARE,KEEP,유지,[지도/POI 1차판정] 카카오 지도 근거 확인 / 카카오=천성보건진료소(1.7m); POI=천성보건진료소(0.8m),35.0288151,128.8164533,,,,,,,barrier_free_facility:9837,1382,,barrier_free_facility:9837,2026-04-27T08:19:05.747867+00:00,RENAME_REVIEW,KAKAO,KAKAO_STRONG,천성보건진료소,1.7,MATCH_STRONG,천성보건진료소,0.8
facility:1357,facility,1357,강서구,행복메디컬 빌딩(우리가족연합의원),HEALTHCARE,KEEP,유지,[지도/POI 1차판정] 카카오 지도 근거 확인 / 카카오=행복약국(0.2m); POI=행복약국(2.6m),35.1504937,128.8327007,,,,,,,barrier_free_facility:9726,1357,,barrier_free_facility:9726,2026-04-27T08:19:05.747867+00:00,RENAME_REVIEW,KAKAO,KAKAO_STRONG,행복약국,0.2,MATCH_STRONG,행복약국,2.6
facility:1378,facility,1378,강서구,가덕도동 행정복지센터,PUBLIC_OFFICE,KEEP,유지,[지도/POI 1차판정] 카카오 지도 근거 확인 / 카카오=가덕도동 행정복지센터(7.4m); POI=가덕도동행정복지센터(7.5m),35.0566314,128.8317189,,,,,,,barrier_free_facility:9828,1378,,barrier_free_facility:9828,2026-04-27T08:19:05.747867+00:00,KEEP,KAKAO,KAKAO_STRONG,가덕도동 행정복지센터,7.4,MATCH_STRONG,가덕도동행정복지센터,7.5
facility:1329,facility,1329,강서구,공단파출소,PUBLIC_OFFICE,KEEP,유지,[지도/POI 1차판정] 카카오 지도 근거 확인 / 카카오=신호파출소(1.1m); POI=신호파출소(2.7m),35.0898859,128.8564106,,,,,,,barrier_free_facility:9598,1329,,barrier_free_facility:9598,2026-04-27T08:19:05.747867+00:00,RENAME_REVIEW,KAKAO,KAKAO_STRONG,신호파출소,1.1,MATCH_STRONG,신호파출소,2.7
facility:1277,facility,1277,강서구,공항파출소,PUBLIC_OFFICE,KEEP,유지,[지도/POI 1차판정] 카카오 지도 근거 확인 / 카카오=공항파출소(21.7m); POI=공항파출소(2.9m),35.1812037,128.9543398,,,,,,,barrier_free_facility:9338,1277,,barrier_free_facility:9338,2026-04-27T08:19:05.747867+00:00,KEEP,KAKAO,KAKAO_STRONG,공항파출소,21.7,MATCH_STRONG,공항파출소,2.9
facility:1343,facility,1343,강서구,녹산파출소,PUBLIC_OFFICE,KEEP,유지,[지도/POI 1차판정] 카카오 지도 근거 확인 / 카카오=녹산파출소(3.5m); POI=녹산파출소(2.4m),35.1127325,128.8862880,,,,,,,barrier_free_facility:9665,1343,,barrier_free_facility:9665,2026-04-27T08:19:05.747867+00:00,KEEP,KAKAO,KAKAO_STRONG,녹산파출소,3.5,MATCH_STRONG,녹산파출소,2.4
facility:1275,facility,1275,강서구,농업기술센터,PUBLIC_OFFICE,KEEP,유지,[지도/POI 1차판정] 카카오 지도 근거 확인 / 카카오=농업기술센터 농기앤카페(0.0m); POI=부산광역시농업기술센터(7.1m),35.2132620,128.9867234,,,,,,,barrier_free_facility:9325,1275,,barrier_free_facility:9325,2026-04-27T08:19:05.747867+00:00,KEEP,KAKAO,KAKAO_STRONG,농업기술센터 농기앤카페,0.0,MATCH_STRONG,부산광역시농업기술센터,7.1
facility:1269,facility,1269,강서구,대저1동 주민센터,PUBLIC_OFFICE,KEEP,유지,"[지도/POI 1차판정] 카카오 지도 근거 확인 / 카카오=무더위,한파쉼터 대저1동주민센터(7.2m); POI=대저1동행정복지센터(0.0m)",35.2154659,128.9768404,,,,,,,barrier_free_facility:9190,1269,,barrier_free_facility:9190,2026-04-27T08:19:05.747867+00:00,KEEP,KAKAO,KAKAO_STRONG,"무더위,한파쉼터 대저1동주민센터",7.2,MATCH_STRONG,대저1동행정복지센터,0.0
facility:1309,facility,1309,강서구,명지2동 행정복지센터,PUBLIC_OFFICE,KEEP,유지,[지도/POI 1차판정] 카카오 지도 근거 확인 / 카카오=명지2동행정복지센터(0.1m); POI=명지2동행정복지센터(0.0m),35.0845630,128.9000690,,,,,,,barrier_free_facility:9451,1309,,barrier_free_facility:9451,2026-04-27T08:19:05.747867+00:00,KEEP,KAKAO,KAKAO_STRONG,명지2동행정복지센터,0.1,MATCH_STRONG,명지2동행정복지센터,0.0
facility:1305,facility,1305,강서구,명지파출소,PUBLIC_OFFICE,KEEP,유지,[지도/POI 1차판정] 카카오 지도 근거 확인 / 카카오=명지파출소(2.2m); POI=부산해양경찰서명지파출소(0.0m),35.1065094,128.9310713,,,,,,,barrier_free_facility:9442,1305,,barrier_free_facility:9442,2026-04-27T08:19:05.747867+00:00,KEEP,KAKAO,KAKAO_STRONG,명지파출소,2.2,MATCH_STRONG,부산해양경찰서명지파출소,0.0
facility:1307,facility,1307,강서구,부산광역시 차량등록사업소,PUBLIC_OFFICE,KEEP,유지,[지도/POI 1차판정] POI 근거리 확인: 카테고리는 후순위 재확인 대상 / 카카오=부산광역시 차량등록사업소(39.2m); POI=부산광역시차량등록사업소(7.3m),35.0873502,128.9031510,,,,,,,barrier_free_facility:9447,1307,,barrier_free_facility:9447,2026-04-27T08:19:05.747867+00:00,CATEGORY_REVIEW,KAKAO,KAKAO_STRONG,부산광역시 차량등록사업소,39.2,MATCH_STRONG,부산광역시차량등록사업소,7.3
facility:1349,facility,1349,강서구,부산자원순환 협력센터,PUBLIC_OFFICE,KEEP,유지,[지도/POI 1차판정] 카카오 지도 근거 확인 / 카카오=부산 자원순환협력센터(4.2m); POI=부산자원순환협력센터(0.0m),35.1331256,128.8823145,,,,,,,barrier_free_facility:9687,1349,,barrier_free_facility:9687,2026-04-27T08:19:05.747867+00:00,KEEP,KAKAO,KAKAO_STRONG,부산 자원순환협력센터,4.2,MATCH_STRONG,부산자원순환협력센터,0.0
facility:1322,facility,1322,강서구,부산지방검찰청 서부지청,PUBLIC_OFFICE,KEEP,유지,[지도/POI 1차판정] 카카오 지도 근거 확인 / 카카오=부산지방검찰청 서부지청(2.2m); POI=부산지방검찰청서부지청(4.8m),35.0973684,128.9085457,,,,,,,barrier_free_facility:9498,1322,,barrier_free_facility:9498,2026-04-27T08:19:05.747867+00:00,KEEP,KAKAO,KAKAO_STRONG,부산지방검찰청 서부지청,2.2,MATCH_STRONG,부산지방검찰청서부지청,4.8
facility:1270,facility,1270,강서구,부산지방기상청,PUBLIC_OFFICE,KEEP,유지,[지도/POI 1차판정] 카카오 지도 근거 확인 / 카카오=부산지방기상청(16.6m); POI=북부산(4.3m),35.2177857,128.9602292,,,,,,,barrier_free_facility:9237,1270,,barrier_free_facility:9237,2026-04-27T08:19:05.747867+00:00,KEEP,KAKAO,KAKAO_STRONG,부산지방기상청,16.6,MATCH_STRONG,북부산,4.3
facility:1323,facility,1323,강서구,부산지방법원 서부지원,PUBLIC_OFFICE,KEEP,유지,[지도/POI 1차판정] 카카오 지도 근거 확인 / 카카오=부산지방법원 서부지원(8.6m); POI=부산지방법원서부지원(0.0m),35.0972927,128.9098230,,,,,,,barrier_free_facility:9499,1323,,barrier_free_facility:9499,2026-04-27T08:19:05.747867+00:00,KEEP,KAKAO,KAKAO_STRONG,부산지방법원 서부지원,8.6,MATCH_STRONG,부산지방법원서부지원,0.0
facility:1355,facility,1355,강서구,부산지사동우체국,PUBLIC_OFFICE,KEEP,유지,[지도/POI 1차판정] 카카오 지도 근거 확인 / 카카오=부산지사동우체국(28.4m); POI=부산지사동우체국(28.6m),35.1508902,128.8318683,,,,,,,barrier_free_facility:9720,1355,,barrier_free_facility:9720,2026-04-27T08:19:05.747867+00:00,KEEP,KAKAO,KAKAO_STRONG,부산지사동우체국,28.4,MATCH_STRONG,부산지사동우체국,28.6
facility:1366,facility,1366,강서구,신호동우체국,PUBLIC_OFFICE,KEEP,유지,[지도/POI 1차판정] 카카오 지도 근거 확인 / 카카오=부산신호동우체국(0.7m); POI=부산신호동우체국(0.0m),35.0852166,128.8791409,,,,,,,barrier_free_facility:9801,1366,,barrier_free_facility:9801,2026-04-27T08:19:05.747867+00:00,KEEP,KAKAO,KAKAO_STRONG,부산신호동우체국,0.7,MATCH_STRONG,부산신호동우체국,0.0
facility:1365,facility,1365,강서구,신호민원센터,PUBLIC_OFFICE,KEEP,유지,[지도/POI 1차판정] POI 근거리 확인 / POI=녹산동신호민원센터(2.0m),35.0854410,128.8791223,,,,,,,barrier_free_facility:9800,1365,,barrier_free_facility:9800,2026-04-27T08:19:05.747867+00:00,POI_ONLY_RECHECK,POI,KAKAO_NO_RESULT,,,MATCH_STRONG,녹산동신호민원센터,2.0
facility:1354,facility,1354,강서구,지사문화회관,PUBLIC_OFFICE,KEEP,유지,[지도/POI 1차판정] POI 근거리 확인: 카테고리는 후순위 재확인 대상 / 카카오=지사문화회관(0.1m); POI=지사문화회관(3.0m),35.1509311,128.8312888,,,,,,,barrier_free_facility:9718,1354,,barrier_free_facility:9718,2026-04-27T08:19:05.747867+00:00,CATEGORY_REVIEW,KAKAO,KAKAO_STRONG,지사문화회관,0.1,MATCH_STRONG,지사문화회관,3.0
facility:1356,facility,1356,강서구,지사파출소,PUBLIC_OFFICE,KEEP,유지,[지도/POI 1차판정] 카카오 지도 근거 확인 / 카카오=지사파출소(0.2m); POI=지사파출소(2.4m),35.1511688,128.8321616,,,,,,,barrier_free_facility:9721,1356,,barrier_free_facility:9721,2026-04-27T08:19:05.747867+00:00,KEEP,KAKAO,KAKAO_STRONG,지사파출소,0.2,MATCH_STRONG,지사파출소,2.4
facility:1387,facility,1387,강서구,창원해양경찰서 출장소,PUBLIC_OFFICE,KEEP,유지,[지도/POI 1차판정] 카카오 지도 근거 확인 / 카카오=대항출장소(12.9m); POI=창원해양경찰서신항파출소대항출장소(0.6m),35.0116372,128.8274515,,,,,,,barrier_free_facility:9845,1387,,barrier_free_facility:9845,2026-04-27T08:19:05.747867+00:00,RENAME_REVIEW,KAKAO,KAKAO_STRONG,대항출장소,12.9,MATCH_STRONG,창원해양경찰서신항파출소대항출장소,0.6
facility:1383,facility,1383,강서구,천성출장소,PUBLIC_OFFICE,KEEP,유지,[지도/POI 1차판정] 카카오 지도 근거 확인 / 카카오=천성출장소(0.1m); POI=창원해양경찰서천성파출소(1.9m),35.0287329,128.8157006,,,,,,,barrier_free_facility:9838,1383,,barrier_free_facility:9838,2026-04-27T08:19:05.747867+00:00,KEEP,KAKAO,KAKAO_STRONG,천성출장소,0.1,MATCH_STRONG,창원해양경찰서천성파출소,1.9
facility:1319,facility,1319,강서구,하신출장소,PUBLIC_OFFICE,KEEP,유지,[지도/POI 1차판정] 카카오 지도 근거 확인 / 카카오=하신출장소(0.8m); POI=부산해양경찰서명지파출소하신출장소(4.2m),35.0934408,128.8995114,,,,,,,barrier_free_facility:9493,1319,,barrier_free_facility:9493,2026-04-27T08:19:05.747867+00:00,KEEP,KAKAO,KAKAO_STRONG,하신출장소,0.8,MATCH_STRONG,부산해양경찰서명지파출소하신출장소,4.2
facility:1351,facility,1351,강서구,24시가마솥 불향,RESTAURANT,KEEP,유지,[지도/POI 1차판정] 카카오 지도 근거 확인 / 카카오=24시가마솥돼지국밥(3.4m); POI=가마솥돼지국밥(1.8m),35.1284332,128.8538063,,,,,,,barrier_free_facility:9706,1351,,barrier_free_facility:9706,2026-04-27T08:19:05.747867+00:00,RENAME_REVIEW,KAKAO,KAKAO_STRONG,24시가마솥돼지국밥,3.4,MATCH_STRONG,가마솥돼지국밥,1.8
facility:1338,facility,1338,강서구,QC 카페,RESTAURANT,KEEP,유지,[지도/POI 1차판정] 카카오 지도 근거 확인 / 카카오=엠오엘카페(0.0m); POI=녹산김밥(66.5m),35.1244059,128.8977617,,,,,,,barrier_free_facility:9649,1338,,barrier_free_facility:9649,2026-04-27T08:19:05.747867+00:00,RENAME_REVIEW,KAKAO,KAKAO_STRONG,엠오엘카페,0.0,MATCH_WEAK,녹산김밥,66.5
facility:1371,facility,1371,강서구,SEASAW 신호본점,RESTAURANT,KEEP,유지,[지도/POI 1차판정] POI 근거리 확인 / POI=통뼈감자탕(17.4m),35.0850622,128.8796490,,,,,,,barrier_free_facility:9807,1371,,barrier_free_facility:9807,2026-04-27T08:19:05.747867+00:00,POI_ONLY_RECHECK,POI,KAKAO_NO_RESULT,,,MATCH_STRONG,통뼈감자탕,17.4
facility:1291,facility,1291,강서구,TILEON,RESTAURANT,KEEP,유지,[지도/POI 1차판정] 카카오 지도 근거 확인 / 카카오=타일온(3.6m); POI=타일온(0.8m),35.1125450,128.9270605,,,,,,,barrier_free_facility:9406,1291,,barrier_free_facility:9406,2026-04-27T08:19:05.747867+00:00,RENAME_REVIEW,KAKAO,KAKAO_MEDIUM,타일온,3.6,MATCH_MEDIUM,타일온,0.8
facility:1384,facility,1384,강서구,고고미,RESTAURANT,KEEP,유지,[지도/POI 1차판정] 카카오 지도 근거 확인 / 카카오=고고미(0.8m); POI=연경재가덕점(12.6m),35.0382334,128.8129451,,,,,,,barrier_free_facility:9840,1384,,barrier_free_facility:9840,2026-04-27T08:19:05.747867+00:00,KEEP,KAKAO,KAKAO_STRONG,고고미,0.8,MATCH_STRONG,연경재가덕점,12.6
facility:1344,facility,1344,강서구,골프존파크,RESTAURANT,KEEP,유지,[지도/POI 1차판정] POI 근거리 확인: 카테고리는 후순위 재확인 대상 / 카카오=골프존파크 녹산골프1872점(2.5m); POI=와이시골프(1.4m),35.1110392,128.8705482,,,,,,,barrier_free_facility:9667,1344,,barrier_free_facility:9667,2026-04-27T08:19:05.747867+00:00,CATEGORY_REVIEW,KAKAO,KAKAO_STRONG,골프존파크 녹산골프1872점,2.5,MATCH_STRONG,와이시골프,1.4
facility:1353,facility,1353,강서구,국민김밥,RESTAURANT,KEEP,유지,[지도/POI 1차판정] 카카오 지도 근거 확인 / 카카오=국민김밥(0.2m); POI=국민김밥(1.1m),35.1268264,128.8539840,,,,,,,barrier_free_facility:9709,1353,,barrier_free_facility:9709,2026-04-27T08:19:05.747867+00:00,KEEP,KAKAO,KAKAO_STRONG,국민김밥,0.2,MATCH_STRONG,국민김밥,1.1
facility:1301,facility,1301,강서구,그날이후불타는삼겹살,RESTAURANT,KEEP,유지,[지도/POI 1차판정] 카카오 지도 근거 확인 / 카카오=그날이후불타는삼겹살(0.0m); POI=그날이후불타는삼겹살(0.5m),35.1168785,128.9215402,,,,,,,barrier_free_facility:9433,1301,,barrier_free_facility:9433,2026-04-27T08:19:05.747867+00:00,KEEP,KAKAO,KAKAO_STRONG,그날이후불타는삼겹살,0.0,MATCH_STRONG,그날이후불타는삼겹살,0.5
facility:1381,facility,1381,강서구,그랜드하브,RESTAURANT,KEEP,유지,[지도/POI 1차판정] 카카오 지도 근거 확인 / 카카오=그랜드하브(2.7m); POI=그랜드하브(2.7m),35.0225612,128.8186995,,,,,,,barrier_free_facility:9836,1381,,barrier_free_facility:9836,2026-04-27T08:19:05.747867+00:00,KEEP,KAKAO,KAKAO_STRONG,그랜드하브,2.7,MATCH_STRONG,그랜드하브,2.7
facility:1385,facility,1385,강서구,글리제,RESTAURANT,KEEP,유지,[지도/POI 1차판정] 카카오 지도 근거 확인 / 카카오=글리제(2.3m); POI=글리제(2.5m),35.0431043,128.8100320,,,,,,,barrier_free_facility:9841,1385,,barrier_free_facility:9841,2026-04-27T08:19:05.747867+00:00,KEEP,KAKAO,KAKAO_STRONG,글리제,2.3,MATCH_STRONG,글리제,2.5
facility:1271,facility,1271,강서구,금농농산 A동,RESTAURANT,KEEP,유지,[지도/POI 1차판정] POI 근거리 확인: 카테고리는 후순위 재확인 대상 / POI=(주)금농농산(1.2m),35.2185642,128.9660337,,,,,,,barrier_free_facility:9247,1271,,barrier_free_facility:9247,2026-04-27T08:19:05.747867+00:00,POI_ONLY_CATEGORY_RECHECK,POI,KAKAO_NO_RESULT,,,MATCH_STRONG,(주)금농농산,1.2
facility:1318,facility,1318,강서구,꾸석지 돌판한우 명지점,RESTAURANT,KEEP,유지,[지도/POI 1차판정] 카카오 지도 근거 확인 / 카카오=꾸석지 돌판한우 명지점(0.0m); POI=쏘시지요국제점명지(2.0m),35.0959464,128.9230003,,,,,,,barrier_free_facility:9488,1318,,barrier_free_facility:9488,2026-04-27T08:19:05.747867+00:00,KEEP,KAKAO,KAKAO_STRONG,꾸석지 돌판한우 명지점,0.0,MATCH_STRONG,쏘시지요국제점명지,2.0
facility:1364,facility,1364,강서구,꿈꾸는 요리사,RESTAURANT,KEEP,유지,[지도/POI 1차판정] 카카오 지도 근거 확인 / 카카오=꿈꾸는요리사 신호본점(1.4m); POI=이삐커피(1.1m),35.0854195,128.8788755,,,,,,,barrier_free_facility:9799,1364,,barrier_free_facility:9799,2026-04-27T08:19:05.747867+00:00,KEEP,KAKAO,KAKAO_STRONG,꿈꾸는요리사 신호본점,1.4,MATCH_STRONG,이삐커피,1.1
facility:1295,facility,1295,강서구,대마등,RESTAURANT,KEEP,유지,[지도/POI 1차판정] POI 근거리 확인: 카테고리는 후순위 재확인 대상 / 카카오=대마등노래연습장비틀즈(2.7m); POI=대마등(0.0m),35.0987298,128.9281910,,,,,,,barrier_free_facility:9423,1295,,barrier_free_facility:9423,2026-04-27T08:19:05.747867+00:00,CATEGORY_REVIEW,KAKAO,KAKAO_STRONG,대마등노래연습장비틀즈,2.7,MATCH_STRONG,대마등,0.0
facility:1372,facility,1372,강서구,대원양곱창,RESTAURANT,KEEP,유지,[지도/POI 1차판정] POI 근거리 확인 / POI=대원양곱창(37.1m),35.0808602,128.8772138,,,,,,,barrier_free_facility:9814,1372,,barrier_free_facility:9814,2026-04-27T08:19:05.747867+00:00,POI_ONLY_RECHECK,POI,KAKAO_NO_RESULT,,,MATCH_STRONG,대원양곱창,37.1
facility:1386,facility,1386,강서구,더마레(THE MARE)104,RESTAURANT,KEEP,유지,[지도/POI 1차판정] 카카오 지도 근거 확인 / 카카오=명디앤씨(0.1m); POI=더마레104(2.4m),35.0119893,128.8334603,,,,,,,barrier_free_facility:9844,1386,,barrier_free_facility:9844,2026-04-27T08:19:05.747867+00:00,RENAME_REVIEW,KAKAO,KAKAO_MEDIUM,명디앤씨,0.1,MATCH_STRONG,더마레104,2.4
facility:1274,facility,1274,강서구,더마트,RESTAURANT,KEEP,유지,[지도/POI 1차판정] POI 근거리 확인: 카테고리는 후순위 재확인 대상 / 카카오=더마트(0.0m); POI=더마트(0.0m),35.2132925,128.9815943,,,,,,,barrier_free_facility:9321,1274,,barrier_free_facility:9321,2026-04-27T08:19:05.747867+00:00,CATEGORY_REVIEW,KAKAO,KAKAO_STRONG,더마트,0.0,MATCH_STRONG,더마트,0.0
facility:1342,facility,1342,강서구,록산,RESTAURANT,KEEP,유지,[지도/POI 1차판정] 카카오 지도 근거 확인 / 카카오=록산(0.2m); POI=록산(0.2m),35.1113286,128.8889380,,,,,,,barrier_free_facility:9663,1342,,barrier_free_facility:9663,2026-04-27T08:19:05.747867+00:00,KEEP,KAKAO,KAKAO_STRONG,록산,0.2,MATCH_STRONG,록산,0.2
facility:1325,facility,1325,강서구,몽썸애견운동장,RESTAURANT,KEEP,유지,[지도/POI 1차판정] POI 근거리 확인: 카테고리는 후순위 재확인 대상 / POI=몽썸(3.1m),35.1777293,128.9014727,,,,,,,barrier_free_facility:9556,1325,,barrier_free_facility:9556,2026-04-27T08:19:05.747867+00:00,POI_ONLY_CATEGORY_RECHECK,POI,KAKAO_NO_RESULT,,,MATCH_STRONG,몽썸,3.1
facility:1370,facility,1370,강서구,밥이 보약이다,RESTAURANT,KEEP,유지,[지도/POI 1차판정] 카카오 지도 근거 확인 / 카카오=밥이보약이야(0.0m); POI=더울림교회(2.4m),35.0847314,128.8779420,,,,,,,barrier_free_facility:9806,1370,,barrier_free_facility:9806,2026-04-27T08:19:05.747867+00:00,RENAME_REVIEW,KAKAO,KAKAO_STRONG,밥이보약이야,0.0,MATCH_MEDIUM,더울림교회,2.4
facility:1360,facility,1360,강서구,복고풍치킨,RESTAURANT,KEEP,유지,[지도/POI 1차판정] 카카오 지도 근거 확인 / 카카오=미미 미음점(0.1m); POI=삼송이커피토스트와김밥(5.1m),35.1457961,128.8698916,,,,,,,barrier_free_facility:9771,1360,,barrier_free_facility:9771,2026-04-27T08:19:05.747867+00:00,RENAME_REVIEW,KAKAO,KAKAO_STRONG,미미 미음점,0.1,MATCH_STRONG,삼송이커피토스트와김밥,5.1
facility:1341,facility,1341,강서구,본록산,RESTAURANT,KEEP,유지,[지도/POI 1차판정] 카카오 지도 근거 확인 / 카카오=본록산(0.0m); POI=록산(19.0m),35.1114553,128.8890807,,,,,,,barrier_free_facility:9662,1341,,barrier_free_facility:9662,2026-04-27T08:19:05.747867+00:00,KEEP,KAKAO,KAKAO_STRONG,본록산,0.0,MATCH_STRONG,록산,19.0
facility:1346,facility,1346,강서구,부산축산농협 한우프라자,RESTAURANT,KEEP,유지,[지도/POI 1차판정] 카카오 지도 근거 확인 / 카카오=부산축산농협 한우프라자(2.5m); POI=부산축산농협한우프라자(3.8m),35.1114109,128.8687420,,,,,,,barrier_free_facility:9671,1346,,barrier_free_facility:9671,2026-04-27T08:19:05.747867+00:00,KEEP,KAKAO,KAKAO_STRONG,부산축산농협 한우프라자,2.5,MATCH_STRONG,부산축산농협한우프라자,3.8
facility:191,facility,191,강서구,브런치 앤 디너 테라비 명지 본점,RESTAURANT,KEEP,유지,[지도/POI 1차판정] 카카오 지도 근거 확인 / 카카오=명지브런치 테라비 명지본점(24.0m); POI=브런치테라비(4.9m),35.0921382,128.9027877,,,,,,,restaurant:220,191,,restaurant:220,2026-04-27T08:19:05.747867+00:00,RENAME_REVIEW,KAKAO,KAKAO_STRONG,명지브런치 테라비 명지본점,24.0,MATCH_STRONG,브런치테라비,4.9
facility:1300,facility,1300,강서구,선창갈미조개,RESTAURANT,KEEP,유지,[지도/POI 1차판정] 카카오 지도 근거 확인 / 카카오=선창갈미구이(17.4m); POI=삼성갈미조개(2.2m),35.1014835,128.9291811,,,,,,,barrier_free_facility:9428,1300,,barrier_free_facility:9428,2026-04-27T08:19:05.747867+00:00,RENAME_REVIEW,KAKAO,KAKAO_STRONG,선창갈미구이,17.4,MATCH_STRONG,삼성갈미조개,2.2
facility:1336,facility,1336,강서구,세우루브,RESTAURANT,KEEP,유지,[지도/POI 1차판정] POI 근거리 확인: 카테고리는 후순위 재확인 대상 / 카카오=세우루브(33.6m); POI=세우프라자(1.8m),35.1042228,128.8785383,,,,,,,barrier_free_facility:9634,1336,,barrier_free_facility:9634,2026-04-27T08:19:05.747867+00:00,CATEGORY_REVIEW,KAKAO,KAKAO_STRONG,세우루브,33.6,MATCH_STRONG,세우프라자,1.8
facility:1373,facility,1373,강서구,솔길마루,RESTAURANT,KEEP,유지,[지도/POI 1차판정] POI 근거리 확인: 카테고리는 후순위 재확인 대상 / POI=더브레인호텔(32.0m),35.0817547,128.8719358,,,,,,,barrier_free_facility:9815,1373,,barrier_free_facility:9815,2026-04-27T08:19:05.747867+00:00,POI_ONLY_CATEGORY_RECHECK,POI,KAKAO_NO_RESULT,,,MATCH_MEDIUM,더브레인호텔,32.0
facility:1347,facility,1347,강서구,수차이나,RESTAURANT,KEEP,유지,[지도/POI 1차판정] 카카오 지도 근거 확인 / 카카오=원차이나로(0.0m); POI=수차이나(3.3m),35.1339492,128.8641921,,,,,,,barrier_free_facility:9680,1347,,barrier_free_facility:9680,2026-04-27T08:19:05.747867+00:00,RENAME_REVIEW,KAKAO,KAKAO_STRONG,원차이나로,0.0,MATCH_STRONG,수차이나,3.3
facility:1293,facility,1293,강서구,스타벅스,RESTAURANT,KEEP,유지,[지도/POI 1차판정] 카카오 지도 근거 확인 / 카카오=스타벅스 명지강변DT점(8.2m); POI=어라우즈로스터리(176.8m),35.1026445,128.9294838,,,,,,,barrier_free_facility:9421,1293,,barrier_free_facility:9421,2026-04-27T08:19:05.747867+00:00,KEEP,KAKAO,KAKAO_STRONG,스타벅스 명지강변DT점,8.2,NEARBY_ONLY,어라우즈로스터리,176.8
facility:1367,facility,1367,강서구,오늘도 대박집,RESTAURANT,KEEP,유지,[지도/POI 1차판정] 카카오 지도 근거 확인 / 카카오=오늘도대박집 명지신호점(1.6m); POI=도로마망(DoRomaman)(12.0m),35.0852197,128.8781784,,,,,,,barrier_free_facility:9802,1367,,barrier_free_facility:9802,2026-04-27T08:19:05.747867+00:00,KEEP,KAKAO,KAKAO_STRONG,오늘도대박집 명지신호점,1.6,MATCH_STRONG,도로마망(DoRomaman),12.0
facility:1332,facility,1332,강서구,오복미역,RESTAURANT,KEEP,유지,[지도/POI 1차판정] 카카오 지도 근거 확인 / 카카오=풍미미역 본점(0.0m); POI=오복미역녹산점(0.9m),35.1121804,128.8810460,,,,,,,barrier_free_facility:9616,1332,,barrier_free_facility:9616,2026-04-27T08:19:05.747867+00:00,RENAME_REVIEW,KAKAO,KAKAO_STRONG,풍미미역 본점,0.0,MATCH_STRONG,오복미역녹산점,0.9
facility:1290,facility,1290,강서구,오케이물류,RESTAURANT,KEEP,유지,[지도/POI 1차판정] 카카오 지도 근거 확인 / 카카오=대신택배(0.0m); POI=우일정밀(23.7m),35.1921644,128.9134754,,,,,,,barrier_free_facility:9401,1290,,barrier_free_facility:9401,2026-04-27T08:19:05.747867+00:00,RENAME_REVIEW,KAKAO,KAKAO_MEDIUM,대신택배,0.0,MATCH_MEDIUM,우일정밀,23.7
facility:190,facility,190,강서구,오플로우,RESTAURANT,KEEP,유지,[지도/POI 1차판정] 카카오 지도 근거 확인 / 카카오=오플로우(4.9m); POI=오플로우(3.9m),35.1725347,128.9010579,,,,,,,restaurant:218,190,,restaurant:218,2026-04-27T08:19:05.747867+00:00,KEEP,KAKAO,KAKAO_STRONG,오플로우,4.9,MATCH_STRONG,오플로우,3.9
facility:1340,facility,1340,강서구,용장어요리,RESTAURANT,KEEP,유지,[지도/POI 1차판정] 카카오 지도 근거 확인 / 카카오=용장어요리전문점(51.6m); POI=진해물산용장어요리전문점(0.0m),35.1185954,128.8919520,,,,,,,barrier_free_facility:9653,1340,,barrier_free_facility:9653,2026-04-27T08:19:05.747867+00:00,KEEP,KAKAO,KAKAO_STRONG,용장어요리전문점,51.6,MATCH_STRONG,진해물산용장어요리전문점,0.0
facility:179,facility,179,강서구,이지요 더파크,RESTAURANT,KEEP,유지,[지도/POI 1차판정] 카카오 지도 근거 확인 / 카카오=이지요더파크(5.1m); POI=더브레인호텔(30.2m),35.0817944,128.8719629,,,,,,,restaurant:204,179,,restaurant:204,2026-04-27T08:19:05.747867+00:00,KEEP,KAKAO,KAKAO_STRONG,이지요더파크,5.1,MATCH_MEDIUM,더브레인호텔,30.2
facility:1363,facility,1363,강서구,이프리오,RESTAURANT,KEEP,유지,[지도/POI 1차판정] 카카오 지도 근거 확인 / 카카오=이프리오(0.5m); POI=이프리오(1.5m),35.1454478,128.8857475,,,,,,,barrier_free_facility:9788,1363,,barrier_free_facility:9788,2026-04-27T08:19:05.747867+00:00,KEEP,KAKAO,KAKAO_STRONG,이프리오,0.5,MATCH_STRONG,이프리오,1.5
facility:1315,facility,1315,강서구,일삼육고기집,RESTAURANT,KEEP,유지,[지도/POI 1차판정] 카카오 지도 근거 확인 / 카카오=일삼육고깃집(4.1m); POI=일삼육고기집(0.4m),35.0978881,128.9250400,,,,,,,barrier_free_facility:9478,1315,,barrier_free_facility:9478,2026-04-27T08:19:05.747867+00:00,RENAME_REVIEW,KAKAO,KAKAO_STRONG,일삼육고깃집,4.1,MATCH_STRONG,일삼육고기집,0.4
facility:1292,facility,1292,강서구,자담면가,RESTAURANT,KEEP,유지,[지도/POI 1차판정] 카카오 지도 근거 확인 / 카카오=자담면가(0.2m); POI=자연을담은(0.2m),35.1080862,128.9256615,,,,,,,barrier_free_facility:9418,1292,,barrier_free_facility:9418,2026-04-27T08:19:05.747867+00:00,KEEP,KAKAO,KAKAO_STRONG,자담면가,0.2,MATCH_STRONG,자연을담은,0.2
facility:1266,facility,1266,강서구,조방낙지,RESTAURANT,KEEP,유지,[지도/POI 1차판정] 카카오 지도 근거 확인 / 카카오=가미가한식뷔페(0.0m); POI=조방낙지(1.3m),35.2211473,128.9846635,,,,,,,barrier_free_facility:9146,1266,,barrier_free_facility:9146,2026-04-27T08:19:05.747867+00:00,RENAME_REVIEW,KAKAO,KAKAO_STRONG,가미가한식뷔페,0.0,MATCH_STRONG,조방낙지,1.3
facility:1324,facility,1324,강서구,종가집한식뷔페,RESTAURANT,KEEP,유지,[지도/POI 1차판정] 카카오 지도 근거 확인 / 카카오=종가집한식뷔페(0.1m); POI=종가집한식뷔페(0.9m),35.1965449,128.8994668,,,,,,,barrier_free_facility:9540,1324,,barrier_free_facility:9540,2026-04-27T08:19:05.747867+00:00,KEEP,KAKAO,KAKAO_STRONG,종가집한식뷔페,0.1,MATCH_STRONG,종가집한식뷔페,0.9
facility:1303,facility,1303,강서구,주왕산삼계탕체인,RESTAURANT,KEEP,유지,[지도/POI 1차판정] 카카오 지도 근거 확인 / 카카오=주왕산삼계탕 체인본점(1.3m); POI=주왕산삼계탕체인(1.7m),35.1134083,128.9301536,,,,,,,barrier_free_facility:9439,1303,,barrier_free_facility:9439,2026-04-27T08:19:05.747867+00:00,KEEP,KAKAO,KAKAO_STRONG,주왕산삼계탕 체인본점,1.3,MATCH_STRONG,주왕산삼계탕체인,1.7
facility:193,facility,193,강서구,진목카페,RESTAURANT,KEEP,유지,[지도/POI 1차판정] 카카오 지도 근거 확인 / 카카오=카페진목(5.6m); POI=진목까페(3.1m),35.1059289,128.9313209,,,,,,,restaurant:228,193,,restaurant:228,2026-04-27T08:19:05.747867+00:00,RENAME_REVIEW,KAKAO,KAKAO_STRONG,카페진목,5.6,MATCH_STRONG,진목까페,3.1
facility:1348,facility,1348,강서구,카페데이지,RESTAURANT,KEEP,유지,[지도/POI 1차판정] 카카오 지도 근거 확인 / 카카오=카페251(1.2m); POI=카페데이지(0.0m),35.1366339,128.8858477,,,,,,,barrier_free_facility:9681,1348,,barrier_free_facility:9681,2026-04-27T08:19:05.747867+00:00,RENAME_REVIEW,KAKAO,KAKAO_STRONG,카페251,1.2,MATCH_STRONG,카페데이지,0.0
facility:1326,facility,1326,강서구,카페오플로우,RESTAURANT,KEEP,유지,[지도/POI 1차판정] 카카오 지도 근거 확인 / 카카오=오플로우(0.0m); POI=오플로우(1.1m),35.1724955,128.9010324,,,,,,,barrier_free_facility:9564,1326,,barrier_free_facility:9564,2026-04-27T08:19:05.747867+00:00,KEEP,KAKAO,KAKAO_STRONG,오플로우,0.0,MATCH_STRONG,오플로우,1.1
facility:1281,facility,1281,강서구,카페위드 렌터카,RESTAURANT,KEEP,유지,[지도/POI 1차판정] 카카오 지도 근거 확인 / 카카오=카페위드렌터카 김해공항점(3.2m); POI=위드렌터카김해공항점(7.4m),35.1769077,128.9526975,,,,,,,barrier_free_facility:9344,1281,,barrier_free_facility:9344,2026-04-27T08:19:05.747867+00:00,KEEP,KAKAO,KAKAO_STRONG,카페위드렌터카 김해공항점,3.2,MATCH_STRONG,위드렌터카김해공항점,7.4
facility:1369,facility,1369,강서구,코코카라,RESTAURANT,KEEP,유지,[지도/POI 1차판정] 카카오 지도 근거 확인 / 카카오=코코카라(1.4m); POI=수피아(2.5m),35.0849196,128.8785439,,,,,,,barrier_free_facility:9804,1369,,barrier_free_facility:9804,2026-04-27T08:19:05.747867+00:00,KEEP,KAKAO,KAKAO_STRONG,코코카라,1.4,MATCH_STRONG,수피아,2.5
facility:1350,facility,1350,강서구,키피공작(구랑점),RESTAURANT,KEEP,유지,[지도/POI 1차판정] 카카오 지도 근거 확인 / 카카오=모아커피 MOACOFFEE(0.0m); POI=고모리커피공장구랑점(1.1m),35.1369597,128.8587908,,,,,,,barrier_free_facility:9698,1350,,barrier_free_facility:9698,2026-04-27T08:19:05.747867+00:00,RENAME_REVIEW,KAKAO,KAKAO_STRONG,모아커피 MOACOFFEE,0.0,MATCH_STRONG,고모리커피공장구랑점,1.1
facility:1328,facility,1328,강서구,킹마트,RESTAURANT,KEEP,유지,[지도/POI 1차판정] POI 근거리 확인: 카테고리는 후순위 재확인 대상 / 카카오=킹마트(1.4m); POI=킹마트(1.8m),35.0902612,128.8553382,,,,,,,barrier_free_facility:9597,1328,,barrier_free_facility:9597,2026-04-27T08:19:05.747867+00:00,CATEGORY_REVIEW,KAKAO,KAKAO_STRONG,킹마트,1.4,MATCH_STRONG,킹마트,1.8
facility:1314,facility,1314,강서구,태영생막창,RESTAURANT,KEEP,유지,[지도/POI 1차판정] 카카오 지도 근거 확인 / 카카오=태영생막창(7.6m); POI=태영생막창(0.0m),35.0980439,128.9233442,,,,,,,barrier_free_facility:9477,1314,,barrier_free_facility:9477,2026-04-27T08:19:05.747867+00:00,KEEP,KAKAO,KAKAO_STRONG,태영생막창,7.6,MATCH_STRONG,태영생막창,0.0
facility:1368,facility,1368,강서구,태향원,RESTAURANT,KEEP,유지,[지도/POI 1차판정] 카카오 지도 근거 확인 / 카카오=태향원 부산명지점(4.7m); POI=킹콩부대찌개부산명지(0.0m),35.0848965,128.8783497,,,,,,,barrier_free_facility:9803,1368,,barrier_free_facility:9803,2026-04-27T08:19:05.747867+00:00,KEEP,KAKAO,KAKAO_STRONG,태향원 부산명지점,4.7,MATCH_STRONG,킹콩부대찌개부산명지,0.0
facility:1330,facility,1330,강서구,토북베이커리 카페,RESTAURANT,KEEP,유지,[지도/POI 1차판정] 카카오 지도 근거 확인 / 카카오=토북베이커리카페(0.1m); POI=김덕규과자점강서지점(2.9m),35.1118710,128.8778558,,,,,,,barrier_free_facility:9613,1330,,barrier_free_facility:9613,2026-04-27T08:19:05.747867+00:00,KEEP,KAKAO,KAKAO_STRONG,토북베이커리카페,0.1,MATCH_STRONG,김덕규과자점강서지점,2.9
facility:1304,facility,1304,강서구,투썸플레이스 부산명지강변점,RESTAURANT,KEEP,유지,[지도/POI 1차판정] 카카오 지도 근거 확인 / 카카오=투썸플레이스 부산명지강변점(0.9m); POI=투썸플레이스부산강변점명지(5.5m),35.1065752,128.9313463,,,,,,,barrier_free_facility:9441,1304,,barrier_free_facility:9441,2026-04-27T08:19:05.747867+00:00,KEEP,KAKAO,KAKAO_STRONG,투썸플레이스 부산명지강변점,0.9,MATCH_STRONG,투썸플레이스부산강변점명지,5.5
facility:1273,facility,1273,강서구,파스쿠찌,RESTAURANT,KEEP,유지,[지도/POI 1차판정] 카카오 지도 근거 확인 / 카카오=파스쿠찌 부산강서점(1.8m); POI=파스쿠찌강서점(1.8m),35.2094118,128.9827066,,,,,,,barrier_free_facility:9318,1273,,barrier_free_facility:9318,2026-04-27T08:19:05.747867+00:00,KEEP,KAKAO,KAKAO_STRONG,파스쿠찌 부산강서점,1.8,MATCH_STRONG,파스쿠찌강서점,1.8
facility:1345,facility,1345,강서구,포춘차이나,RESTAURANT,KEEP,유지,[지도/POI 1차판정] 카카오 지도 근거 확인 / 카카오=포춘차이나(0.2m); POI=포춘차이나(5.2m),35.1115372,128.8722332,,,,,,,barrier_free_facility:9669,1345,,barrier_free_facility:9669,2026-04-27T08:19:05.747867+00:00,KEEP,KAKAO,KAKAO_STRONG,포춘차이나,0.2,MATCH_STRONG,포춘차이나,5.2
facility:1358,facility,1358,강서구,풀무원푸드앤컬처하이스트컨트리클럽,RESTAURANT,KEEP,유지,[지도/POI 1차판정] POI 근거리 확인: 카테고리는 후순위 재확인 대상 / 카카오=하이스트컨트리클럽(4.4m); POI=풀무원푸드앤컬처하이스트컨트리클럽(0.0m),35.1391195,128.8150493,,,,,,,barrier_free_facility:9737,1358,,barrier_free_facility:9737,2026-04-27T08:19:05.747867+00:00,CATEGORY_REVIEW,KAKAO,KAKAO_STRONG,하이스트컨트리클럽,4.4,MATCH_STRONG,풀무원푸드앤컬처하이스트컨트리클럽,0.0
facility:1361,facility,1361,강서구,하삼동커피,RESTAURANT,KEEP,유지,[지도/POI 1차판정] 카카오 지도 근거 확인 / 카카오=하삼동커피 범방점(0.1m); POI=하삼동커피범방점(1.7m),35.1477074,128.8798758,,,,,,,barrier_free_facility:9775,1361,,barrier_free_facility:9775,2026-04-27T08:19:05.747867+00:00,KEEP,KAKAO,KAKAO_STRONG,하삼동커피 범방점,0.1,MATCH_STRONG,하삼동커피범방점,1.7
facility:1283,facility,1283,강서구,한국미쓰도요(주),RESTAURANT,KEEP,유지,[지도/POI 1차판정] POI 근거리 확인: 카테고리는 후순위 재확인 대상 / 카카오=한국미쓰도요 부산지점(0.1m); POI=한국미쓰도요(즈)(1.2m),35.1667954,128.9553893,,,,,,,barrier_free_facility:9365,1283,,barrier_free_facility:9365,2026-04-27T08:19:05.747867+00:00,CATEGORY_REVIEW,KAKAO,KAKAO_STRONG,한국미쓰도요 부산지점,0.1,MATCH_STRONG,한국미쓰도요(즈),1.2
facility:1335,facility,1335,강서구,행복한식품,RESTAURANT,KEEP,유지,[지도/POI 1차판정] 카카오 지도 근거 확인 / 카카오=한길건설(4.7m); POI=우리들식당(1.7m),35.1048868,128.8791232,,,,,,,barrier_free_facility:9632,1335,,barrier_free_facility:9632,2026-04-27T08:19:05.747867+00:00,RENAME_REVIEW,KAKAO,KAKAO_STRONG,한길건설,4.7,MATCH_STRONG,우리들식당,1.7
facility:1317,facility,1317,강서구,홍익돈가스,RESTAURANT,KEEP,유지,[지도/POI 1차판정] 카카오 지도 근거 확인 / 카카오=홍익돈까스 부산명지점(8.4m); POI=홍익돈까스부산명지점(0.7m),35.0972292,128.9248555,,,,,,,barrier_free_facility:9487,1317,,barrier_free_facility:9487,2026-04-27T08:19:05.747867+00:00,RENAME_REVIEW,KAKAO,KAKAO_STRONG,홍익돈까스 부산명지점,8.4,MATCH_STRONG,홍익돈까스부산명지점,0.7
facility:1337,facility,1337,강서구,화전분식,RESTAURANT,KEEP,유지,[지도/POI 1차판정] 카카오 지도 근거 확인 / 카카오=화전분식(2.2m); POI=화전분식(0.7m),35.1037189,128.8791505,,,,,,,barrier_free_facility:9645,1337,,barrier_free_facility:9645,2026-04-27T08:19:05.747867+00:00,KEEP,KAKAO,KAKAO_STRONG,화전분식,2.2,MATCH_STRONG,화전분식,0.7
facility:2990,facility,2990,강서구,가덕도동행정복지센터,TOILET,KEEP,유지,[지도/POI 1차판정] 공중화장실/시설 POI 근거리 확인 / 카카오=가덕도동 행정복지센터(4.7m); POI=가덕도동행정복지센터(4.8m),35.0566596,128.8317344,,,,,,,public_toilet:1632,2990,,public_toilet:1632,2026-04-27T08:19:05.747867+00:00,CATEGORY_REVIEW,KAKAO,KAKAO_STRONG,가덕도동 행정복지센터,4.7,MATCH_STRONG,가덕도동행정복지센터,4.8
facility:2989,facility,2989,강서구,가덕도파출소,TOILET,KEEP,유지,[지도/POI 1차판정] 공중화장실/시설 POI 근거리 확인 / 카카오=가덕도파출소(0.9m); POI=가덕도파출소(1.7m),35.0528800,128.8310000,,,,,,,public_toilet:1631,2989,,public_toilet:1631,2026-04-27T08:19:05.747867+00:00,CATEGORY_REVIEW,KAKAO,KAKAO_STRONG,가덕도파출소,0.9,MATCH_STRONG,가덕도파출소,1.7
facility:3015,facility,3015,강서구,가락동행정복지센터,TOILET,KEEP,유지,[지도/POI 1차판정] 공중화장실/시설 POI 근거리 확인 / 카카오=가락동행정복지센터(9.6m); POI=가락동행정복지센터(6.6m),35.1964100,128.9017000,,,,,,,public_toilet:1670,3015,,public_toilet:1670,2026-04-27T08:19:05.747867+00:00,CATEGORY_REVIEW,KAKAO,KAKAO_STRONG,가락동행정복지센터,9.6,MATCH_STRONG,가락동행정복지센터,6.6
facility:2968,facility,2968,강서구,가락보건지소,TOILET,KEEP,유지,[지도/POI 1차판정] 공중화장실/시설 POI 근거리 확인 / 카카오=가락보건지소(2.5m); POI=가락보건지소(1.9m),35.1962140,128.9016700,,,,,,,public_toilet:1600,2968,,public_toilet:1600,2026-04-27T08:19:05.747867+00:00,CATEGORY_REVIEW,KAKAO,KAKAO_STRONG,가락보건지소,2.5,MATCH_STRONG,가락보건지소,1.9
facility:2939,facility,2939,강서구,가락생태공원(1),TOILET,KEEP,유지,[지도/POI 1차판정] 공중화장실/시설 POI 근거리 확인 / POI=공중화장실(5.4m),35.1981600,128.9021000,,,,,,,public_toilet:1558,2939,,public_toilet:1558,2026-04-27T08:19:05.747867+00:00,POI_ONLY_RECHECK,POI,KAKAO_NO_RESULT,,,MATCH_STRONG,공중화장실,5.4
facility:2998,facility,2998,강서구,가락생태공원(2),TOILET,KEEP,유지,[지도/POI 1차판정] 공중화장실/시설 POI 근거리 확인 / POI=가락생태공원(47.6m),35.1981588,128.9021462,,,,,,,public_toilet:1647,2998,,public_toilet:1647,2026-04-27T08:19:05.747867+00:00,POI_ONLY_CATEGORY_RECHECK,POI,KAKAO_NO_RESULT,,,MATCH_MEDIUM,가락생태공원,47.6
facility:2930,facility,2930,강서구,가락영업소,TOILET,KEEP,유지,[지도/POI 1차판정] 공중화장실/시설 POI 근거리 확인 / 카카오=한국도로공사서비스 가락영업소(3.1m); POI=한국도로공사가락영업소(18.5m),35.1682140,128.8945440,,,,,,,public_toilet:1546,2930,,public_toilet:1546,2026-04-27T08:19:05.747867+00:00,CATEGORY_REVIEW,KAKAO,KAKAO_STRONG,한국도로공사서비스 가락영업소,3.1,MATCH_STRONG,한국도로공사가락영업소,18.5
facility:3017,facility,3017,강서구,가락오봉산,TOILET,KEEP,유지,[지도/POI 1차판정] 카카오 지도 근거 확인 / 카카오=오봉산체육공원(25.3m); POI=공중화장실(10.7m),35.1914300,128.9029000,,,,,,,public_toilet:1673,3017,,public_toilet:1673,2026-04-27T08:19:05.747867+00:00,RENAME_REVIEW,KAKAO,KAKAO_MEDIUM,오봉산체육공원,25.3,MATCH_STRONG,공중화장실,10.7
facility:2983,facility,2983,강서구,가락파출소,TOILET,KEEP,유지,[지도/POI 1차판정] 공중화장실/시설 POI 근거리 확인 / 카카오=가락파출소(5.0m); POI=가락파출소(5.4m),35.1949500,128.9021000,,,,,,,public_toilet:1623,2983,,public_toilet:1623,2026-04-27T08:19:05.747867+00:00,CATEGORY_REVIEW,KAKAO,KAKAO_STRONG,가락파출소,5.0,MATCH_STRONG,가락파출소,5.4
facility:3006,facility,3006,강서구,강동동행정복지센터,TOILET,KEEP,유지,[지도/POI 1차판정] 공중화장실/시설 POI 근거리 확인 / 카카오=강동동행정복지센터(12.8m); POI=강동동행정복지센터(8.9m),35.2146300,128.9353000,,,,,,,public_toilet:1659,3006,,public_toilet:1659,2026-04-27T08:19:05.747867+00:00,CATEGORY_REVIEW,KAKAO,KAKAO_STRONG,강동동행정복지센터,12.8,MATCH_STRONG,강동동행정복지센터,8.9
facility:2984,facility,2984,강서구,강동보건지소,TOILET,KEEP,유지,"[지도/POI 1차판정] 공중화장실/시설 POI 근거리 확인 / 카카오=무더위,한파쉼터 강동보건지소(23.7m); POI=강동보건지소입구(22.1m)",35.2163500,128.9375000,,,,,,,public_toilet:1624,2984,,public_toilet:1624,2026-04-27T08:19:05.747867+00:00,CATEGORY_REVIEW,KAKAO,KAKAO_STRONG,"무더위,한파쉼터 강동보건지소",23.7,MATCH_STRONG,강동보건지소입구,22.1
facility:2915,facility,2915,강서구,강동조정경기장입구,TOILET,KEEP,유지,[지도/POI 1차판정] 공중화장실/시설 POI 근거리 확인 / POI=공중화장실(36.3m),35.1755600,128.9084000,,,,,,,public_toilet:1525,2915,,public_toilet:1525,2026-04-27T08:19:05.747867+00:00,POI_ONLY_RECHECK,POI,KAKAO_NO_RESULT,,,MATCH_MEDIUM,공중화장실,36.3
facility:2964,facility,2964,강서구,강동파출소,TOILET,KEEP,유지,[지도/POI 1차판정] 공중화장실/시설 POI 근거리 확인 / 카카오=강동파출소(10.2m); POI=강동파출소(4.8m),35.2162300,128.9367000,,,,,,,public_toilet:1594,2964,,public_toilet:1594,2026-04-27T08:19:05.747867+00:00,CATEGORY_REVIEW,KAKAO,KAKAO_STRONG,강동파출소,10.2,MATCH_STRONG,강동파출소,4.8
facility:2911,facility,2911,강서구,강서구보훈복지회관,TOILET,KEEP,유지,[지도/POI 1차판정] 공중화장실/시설 POI 근거리 확인 / 카카오=강서구보훈복지회관(26.3m); POI=공중화장실(26.4m),35.2144600,128.9352000,,,,,,,public_toilet:1520,2911,,public_toilet:1520,2026-04-27T08:19:05.747867+00:00,CATEGORY_REVIEW,KAKAO,KAKAO_STRONG,강서구보훈복지회관,26.3,MATCH_STRONG,공중화장실,26.4
facility:3012,facility,3012,강서구,강서구여성센터,TOILET,KEEP,유지,[지도/POI 1차판정] 공중화장실/시설 POI 근거리 확인 / 카카오=강서구여성센터(42.1m); POI=부산강서새일센터(24.0m),35.2125400,128.9807000,,,,,,,public_toilet:1667,3012,,public_toilet:1667,2026-04-27T08:19:05.747867+00:00,CATEGORY_REVIEW,KAKAO,KAKAO_STRONG,강서구여성센터,42.1,MATCH_STRONG,부산강서새일센터,24.0
facility:2912,facility,2912,강서구,강서구청,TOILET,KEEP,유지,[지도/POI 1차판정] 공중화장실/시설 POI 근거리 확인 / 카카오=강서구청 주차장(9.9m); POI=강서구청(37.2m),35.2125300,128.9806000,,,,,,,public_toilet:1521,2912,,public_toilet:1521,2026-04-27T08:19:05.747867+00:00,CATEGORY_REVIEW,KAKAO,KAKAO_STRONG,강서구청 주차장,9.9,MATCH_STRONG,강서구청,37.2
facility:2953,facility,2953,강서구,강서구청 별관 문화원,TOILET,KEEP,유지,[지도/POI 1차판정] 카카오 지도 근거 확인 / 카카오=강서구청 주차장(1.3m); POI=강서문화원(31.0m),35.2124900,128.9807000,,,,,,,public_toilet:1575,2953,,public_toilet:1575,2026-04-27T08:19:05.747867+00:00,RENAME_REVIEW,KAKAO,KAKAO_STRONG,강서구청 주차장,1.3,MATCH_STRONG,강서문화원,31.0
facility:2956,facility,2956,강서구,강서기적의도서관,TOILET,KEEP,유지,[지도/POI 1차판정] 카카오 지도 근거 확인 / 카카오=명지동근린공원 개방화장실(82.1m); POI=강서기적의도서관(240.0m),35.0877400,128.9066000,,,,,,,public_toilet:1583,2956,,public_toilet:1583,2026-04-27T08:19:05.747867+00:00,RENAME_REVIEW,KAKAO,KAKAO_MEDIUM,명지동근린공원 개방화장실,82.1,MATCH_WEAK,강서기적의도서관,240.0
facility:3009,facility,3009,강서구,강서노인종합복지관 화장실,TOILET,KEEP,유지,[지도/POI 1차판정] 카카오 지도 근거 확인 / 카카오=사회복지법인로사리오카리타스 강서노인종합복지관(16.5m); POI=공중화장실(19.7m),35.2072780,128.9732970,,,,,,,public_toilet:1663,3009,,public_toilet:1663,2026-04-27T08:19:05.747867+00:00,RENAME_REVIEW,KAKAO,KAKAO_MEDIUM,사회복지법인로사리오카리타스 강서노인종합복지관,16.5,MATCH_STRONG,공중화장실,19.7
facility:2929,facility,2929,강서구,강서브라이트센터,TOILET,KEEP,유지,[지도/POI 1차판정] 공중화장실/시설 POI 근거리 확인 / 카카오=강서브라이트센터(46.5m); POI=강서브라이트센터(26.9m),35.1804100,128.9572000,,,,,,,public_toilet:1542,2929,,public_toilet:1542,2026-04-27T08:19:05.747867+00:00,CATEGORY_REVIEW,KAKAO,KAKAO_STRONG,강서브라이트센터,46.5,MATCH_STRONG,강서브라이트센터,26.9
facility:3014,facility,3014,강서구,강서체육공원 보조경기장1층,TOILET,KEEP,유지,[지도/POI 1차판정] 카카오 지도 근거 확인 / 카카오=강서체육공원 보조체육관(20.9m); POI=강서체육공원(25.9m),35.2107911,128.9724093,,,,,,,public_toilet:1669,3014,,public_toilet:1669,2026-04-27T08:19:05.747867+00:00,RENAME_REVIEW,KAKAO,KAKAO_STRONG,강서체육공원 보조체육관,20.9,MATCH_STRONG,강서체육공원,25.9
facility:2950,facility,2950,강서구,강서체육공원 보조경기장2층,TOILET,KEEP,유지,[지도/POI 1차판정] 카카오 지도 근거 확인 / 카카오=강서체육공원 보조체육관(20.9m); POI=강서체육공원(25.9m),35.2107911,128.9724093,,,,,,,public_toilet:1571,2950,,public_toilet:1571,2026-04-27T08:19:05.747867+00:00,RENAME_REVIEW,KAKAO,KAKAO_STRONG,강서체육공원 보조체육관,20.9,MATCH_STRONG,강서체육공원,25.9
facility:2961,facility,2961,강서구,강서체육공원 야외화장실,TOILET,KEEP,유지,[지도/POI 1차판정] 카카오 지도 근거 확인 / 카카오=부산강서실내체육관(29.1m); POI=강서체육공원실내체육관(32.9m),35.2098838,128.9723414,,,,,,,public_toilet:1589,2961,,public_toilet:1589,2026-04-27T08:19:05.747867+00:00,RENAME_REVIEW,KAKAO,KAKAO_MEDIUM,부산강서실내체육관,29.1,MATCH_MEDIUM,강서체육공원실내체육관,32.9
facility:2995,facility,2995,강서구,강서체육공원야외화장실양궁장,TOILET,KEEP,유지,[지도/POI 1차판정] 카카오 지도에서 상위 시설/공원 근거리 확인 / 카카오=강서체육공원(66.2m); POI=공중화장실(162.8m),35.2098658,128.9710414,,,,,,,public_toilet:1639,2995,,public_toilet:1639,2026-04-27T08:19:05.747867+00:00,MANUAL_REVIEW,POI,KAKAO_WEAK,강서체육공원,66.2,MATCH_WEAK,공중화장실,162.8
facility:2913,facility,2913,강서구,강서체육공원야외화장실테니스장,TOILET,KEEP,유지,[지도/POI 1차판정] 카카오 지도 근거 확인 / 카카오=강서체육공원 축구장(43.4m); POI=공중화장실(288.5m),35.2089002,128.9703030,,,,,,,public_toilet:1522,2913,,public_toilet:1522,2026-04-27T08:19:05.747867+00:00,RENAME_REVIEW,KAKAO,KAKAO_MEDIUM,강서체육공원 축구장,43.4,MATCH_WEAK,공중화장실,288.5
facility:1334,facility,1334,강서구,공중화장실,TOILET,KEEP,유지,[지도/POI 1차판정] 카카오 지도 근거 확인 / 카카오=화전공원 공중화장실(0.2m); POI=공중화장실(3.9m),35.1056115,128.8791061,,,,,,,barrier_free_facility:9630,1334,,barrier_free_facility:9630,2026-04-27T08:19:05.747867+00:00,RENAME_REVIEW,KAKAO,KAKAO_STRONG,화전공원 공중화장실,0.2,MATCH_STRONG,공중화장실,3.9
facility:2970,facility,2970,강서구,공항파출소,TOILET,KEEP,유지,[지도/POI 1차판정] 공중화장실/시설 POI 근거리 확인 / 카카오=공항파출소(8.5m); POI=공항파출소(16.0m),35.1811600,128.9542000,,,,,,,public_toilet:1602,2970,,public_toilet:1602,2026-04-27T08:19:05.747867+00:00,CATEGORY_REVIEW,KAKAO,KAKAO_STRONG,공항파출소,8.5,MATCH_STRONG,공항파출소,16.0
facility:2891,facility,2891,강서구,구랑공원,TOILET,KEEP,유지,[지도/POI 1차판정] 공중화장실/시설 POI 근거리 확인 / 카카오=구랑공원(23.2m); POI=구랑공원(54.8m),35.1307500,128.8532000,,,,,,,public_toilet:1486,2891,,public_toilet:1486,2026-04-27T08:19:05.747867+00:00,CATEGORY_REVIEW,KAKAO,KAKAO_STRONG,구랑공원,23.2,MATCH_STRONG,구랑공원,54.8
facility:2980,facility,2980,강서구,구랑천 체육시설,TOILET,KEEP,유지,[지도/POI 1차판정] 공중화장실/시설 POI 근거리 확인 / POI=공중화장실(6.7m),35.1340900,128.8607000,,,,,,,public_toilet:1618,2980,,public_toilet:1618,2026-04-27T08:19:05.747867+00:00,POI_ONLY_RECHECK,POI,KAKAO_NO_RESULT,,,MATCH_STRONG,공중화장실,6.7
facility:2988,facility,2988,강서구,국회부산도서관 화장실,TOILET,KEEP,유지,[지도/POI 1차판정] 카카오 지도 근거 확인 / 카카오=국회부산도서관(7.6m); POI=공중화장실(1.9m),35.1035300,128.9044000,,,,,,,public_toilet:1630,2988,,public_toilet:1630,2026-04-27T08:19:05.747867+00:00,RENAME_REVIEW,KAKAO,KAKAO_MEDIUM,국회부산도서관,7.6,MATCH_STRONG,공중화장실,1.9
facility:3011,facility,3011,강서구,김해공항 국내선,TOILET,KEEP,유지,[지도/POI 1차판정] 카카오 지도 근거 확인 / 카카오=김해국제공항 국내선 부산관광안내소(24.6m); POI=김해공항국제선(2층)(버스정류장)(54.6m),35.1731700,128.9468000,,,,,,,public_toilet:1666,3011,,public_toilet:1666,2026-04-27T08:19:05.747867+00:00,RENAME_REVIEW,KAKAO,KAKAO_STRONG,김해국제공항 국내선 부산관광안내소,24.6,MATCH_STRONG,김해공항국제선(2층)(버스정류장),54.6
facility:2893,facility,2893,강서구,김해공항 국제선,TOILET,KEEP,유지,[지도/POI 1차판정] 카카오 지도 근거 확인 / 카카오=김해국제공항 국제선세븐럭카지노(15.0m); POI=김해공항국제선(2층)(버스정류장)(54.3m),35.1730700,128.9469000,,,,,,,public_toilet:1492,2893,,public_toilet:1492,2026-04-27T08:19:05.747867+00:00,RENAME_REVIEW,KAKAO,KAKAO_STRONG,김해국제공항 국제선세븐럭카지노,15.0,MATCH_STRONG,김해공항국제선(2층)(버스정류장),54.3
facility:2976,facility,2976,강서구,김해국제공항 국제선청사(확충),TOILET,KEEP,유지,[지도/POI 1차판정] 카카오 지도에서 상위 시설/공원 근거리 확인 / 카카오=에어부산 김해국제공항국제선청사점(90.4m); POI=김해공항국제선(2층)(버스정류장)(149.6m),35.1729000,128.9458000,,,,,,,public_toilet:1612,2976,,public_toilet:1612,2026-04-27T08:19:05.747867+00:00,CATEGORY_REVIEW,KAKAO,KAKAO_STRONG,에어부산 김해국제공항국제선청사점,90.4,MATCH_MEDIUM,김해공항국제선(2층)(버스정류장),149.6
facility:2985,facility,2985,강서구,낙동강관리본부 맥도생태공원 2,TOILET,KEEP,유지,[지도/POI 1차판정] 공중화장실/시설 POI 근거리 확인 / POI=공중화장실(52.2m),35.1511200,128.9545630,,,,,,,public_toilet:1626,2985,,public_toilet:1626,2026-04-27T08:19:05.747867+00:00,POI_ONLY_RECHECK,POI,KAKAO_NO_RESULT,,,MATCH_MEDIUM,공중화장실,52.2
facility:2887,facility,2887,강서구,낙동강관리본부 맥도생태공원 4,TOILET,KEEP,유지,[지도/POI 1차판정] 공중화장실/시설 POI 근거리 확인 / POI=공중화장실(56.1m),35.1499650,128.9548640,,,,,,,public_toilet:1478,2887,,public_toilet:1478,2026-04-27T08:19:05.747867+00:00,POI_ONLY_RECHECK,POI,KAKAO_NO_RESULT,,,MATCH_MEDIUM,공중화장실,56.1
facility:2916,facility,2916,강서구,낙동강관리본부 맥도생태공원 5,TOILET,KEEP,유지,[지도/POI 1차판정] 공중화장실/시설 POI 근거리 확인 / POI=공중화장실(34.4m),35.1477290,128.9539410,,,,,,,public_toilet:1527,2916,,public_toilet:1527,2026-04-27T08:19:05.747867+00:00,POI_ONLY_RECHECK,POI,KAKAO_NO_RESULT,,,MATCH_MEDIUM,공중화장실,34.4
facility:2954,facility,2954,강서구,낙동강관리본부 맥도생태공원 6,TOILET,KEEP,유지,[지도/POI 1차판정] 공중화장실/시설 POI 근거리 확인 / POI=공중화장실(141.9m),35.1121560,128.9337630,,,,,,,public_toilet:1577,2954,,public_toilet:1577,2026-04-27T08:19:05.747867+00:00,POI_ONLY_RECHECK,POI,KAKAO_NO_RESULT,,,MATCH_MEDIUM,공중화장실,141.9
facility:2936,facility,2936,강서구,낙동종합사회복지관,TOILET,KEEP,유지,[지도/POI 1차판정] 공중화장실/시설 POI 근거리 확인 / 카카오=낙동종합사회복지관(11.8m); POI=낙동종합사회복지관(5.4m),35.1198400,128.9028000,,,,,,,public_toilet:1555,2936,,public_toilet:1555,2026-04-27T08:19:05.747867+00:00,CATEGORY_REVIEW,KAKAO,KAKAO_STRONG,낙동종합사회복지관,11.8,MATCH_STRONG,낙동종합사회복지관,5.4
facility:2948,facility,2948,강서구,남강공원,TOILET,KEEP,유지,[지도/POI 1차판정] 공중화장실/시설 POI 근거리 확인 / 카카오=남강공원(23.8m); POI=(주)태원(26.7m),35.1563300,128.8565000,,,,,,,public_toilet:1569,2948,,public_toilet:1569,2026-04-27T08:19:05.747867+00:00,CATEGORY_REVIEW,KAKAO,KAKAO_STRONG,남강공원,23.8,MATCH_STRONG,(주)태원,26.7
facility:2938,facility,2938,강서구,내눌삼거리방조제앞,TOILET,KEEP,유지,[지도/POI 1차판정] 공중화장실/시설 POI 근거리 확인 / POI=공중화장실(3.3m),35.0617300,128.8476000,,,,,,,public_toilet:1557,2938,,public_toilet:1557,2026-04-27T08:19:05.747867+00:00,POI_ONLY_RECHECK,POI,KAKAO_NO_RESULT,,,MATCH_STRONG,공중화장실,3.3
facility:2923,facility,2923,강서구,너울공원,TOILET,KEEP,유지,[지도/POI 1차판정] 카카오 지도 근거 확인 / 카카오=너울공원 공중화장실(105.3m); POI=너울공원(105.4m),35.0952600,128.9241000,,,,,,,public_toilet:1535,2923,,public_toilet:1535,2026-04-27T08:19:05.747867+00:00,KEEP,KAKAO,KAKAO_MEDIUM,너울공원 공중화장실,105.3,MATCH_MEDIUM,너울공원,105.4
facility:2951,facility,2951,강서구,노적봉공원(녹산수문옆),TOILET,KEEP,유지,[지도/POI 1차판정] 공중화장실/시설 POI 근거리 확인 / POI=공중화장실(1.2m),35.1199870,128.8988302,,,,,,,public_toilet:1572,2951,,public_toilet:1572,2026-04-27T08:19:05.747867+00:00,POI_ONLY_RECHECK,POI,KAKAO_NO_RESULT,,,MATCH_STRONG,공중화장실,1.2
facility:2943,facility,2943,강서구,녹산공영주차장,TOILET,KEEP,유지,[지도/POI 1차판정] 카카오 지도 근거 확인 / 카카오=녹산산단 공영주차장(44.1m); POI=공중화장실(2.1m),35.0837400,128.8399000,,,,,,,public_toilet:1563,2943,,public_toilet:1563,2026-04-27T08:19:05.747867+00:00,RENAME_REVIEW,KAKAO,KAKAO_MEDIUM,녹산산단 공영주차장,44.1,MATCH_STRONG,공중화장실,2.1
facility:2933,facility,2933,강서구,녹산동행정복지센터,TOILET,KEEP,유지,[지도/POI 1차판정] 공중화장실/시설 POI 근거리 확인 / 카카오=녹산동행정복지센터(19.7m); POI=녹산동행정복지센터(16.1m),35.1536800,128.8838000,,,,,,,public_toilet:1550,2933,,public_toilet:1550,2026-04-27T08:19:05.747867+00:00,CATEGORY_REVIEW,KAKAO,KAKAO_STRONG,녹산동행정복지센터,19.7,MATCH_STRONG,녹산동행정복지센터,16.1
facility:2973,facility,2973,강서구,녹산수문공원,TOILET,KEEP,유지,[지도/POI 1차판정] 공중화장실/시설 POI 근거리 확인 / 카카오=녹산수문공원(27.6m); POI=공중화장실(3.9m),35.1208800,128.8974000,,,,,,,public_toilet:1607,2973,,public_toilet:1607,2026-04-27T08:19:05.747867+00:00,CATEGORY_REVIEW,KAKAO,KAKAO_STRONG,녹산수문공원,27.6,MATCH_STRONG,공중화장실,3.9
facility:2925,facility,2925,강서구,녹산파출소,TOILET,KEEP,유지,[지도/POI 1차판정] 공중화장실/시설 POI 근거리 확인 / 카카오=녹산파출소(8.4m); POI=녹산파출소(9.3m),35.1127400,128.8862000,,,,,,,public_toilet:1537,2925,,public_toilet:1537,2026-04-27T08:19:05.747867+00:00,CATEGORY_REVIEW,KAKAO,KAKAO_STRONG,녹산파출소,8.4,MATCH_STRONG,녹산파출소,9.3
facility:2885,facility,2885,강서구,농업인복지회관,TOILET,KEEP,유지,[지도/POI 1차판정] 공중화장실/시설 POI 근거리 확인 / 카카오=강서구농업인복지회관(10.6m); POI=강서구농업인복지회관(9.0m),35.1888400,128.9045000,,,,,,,public_toilet:1476,2885,,public_toilet:1476,2026-04-27T08:19:05.747867+00:00,CATEGORY_REVIEW,KAKAO,KAKAO_STRONG,강서구농업인복지회관,10.6,MATCH_STRONG,강서구농업인복지회관,9.0
facility:2986,facility,2986,강서구,대저1동행정복지센터,TOILET,KEEP,유지,[지도/POI 1차판정] 공중화장실/시설 POI 근거리 확인 / 카카오=대저1동 행정복지센터(15.3m); POI=대저1동행정복지센터(14.2m),35.2155900,128.9768000,,,,,,,public_toilet:1627,2986,,public_toilet:1627,2026-04-27T08:19:05.747867+00:00,CATEGORY_REVIEW,KAKAO,KAKAO_STRONG,대저1동 행정복지센터,15.3,MATCH_STRONG,대저1동행정복지센터,14.2
facility:3016,facility,3016,강서구,대저2동행정복지센터,TOILET,KEEP,유지,[지도/POI 1차판정] 공중화장실/시설 POI 근거리 확인 / 카카오=대저2동행정복지센터(18.3m); POI=대저2동행정복지센터(22.3m),35.1787500,128.9565000,,,,,,,public_toilet:1671,3016,,public_toilet:1671,2026-04-27T08:19:05.747867+00:00,CATEGORY_REVIEW,KAKAO,KAKAO_STRONG,대저2동행정복지센터,18.3,MATCH_STRONG,대저2동행정복지센터,22.3
facility:2937,facility,2937,강서구,대저수문공원,TOILET,KEEP,유지,[지도/POI 1차판정] 카카오 지도 근거 확인 / 카카오=대저수문생태공원(23.5m); POI=공중화장실(2.4m),35.2297600,128.9922000,,,,,,,public_toilet:1556,2937,,public_toilet:1556,2026-04-27T08:19:05.747867+00:00,RENAME_REVIEW,KAKAO,KAKAO_STRONG,대저수문생태공원,23.5,MATCH_MEDIUM,공중화장실,2.4
facility:2901,facility,2901,강서구,대저파출소,TOILET,KEEP,유지,[지도/POI 1차판정] 공중화장실/시설 POI 근거리 확인 / 카카오=대저파출소(6.8m); POI=대저파출소(8.3m),35.2120900,128.9828000,,,,,,,public_toilet:1501,2901,,public_toilet:1501,2026-04-27T08:19:05.747867+00:00,CATEGORY_REVIEW,KAKAO,KAKAO_STRONG,대저파출소,6.8,MATCH_STRONG,대저파출소,8.3
facility:2971,facility,2971,강서구,대항노인회관,TOILET,KEEP,유지,[지도/POI 1차판정] 카카오 지도 근거 확인 / 카카오=대항선착장 개방화장실(2.8m); POI=공중화장실(1.7m),35.0125800,128.8277000,,,,,,,public_toilet:1603,2971,,public_toilet:1603,2026-04-27T08:19:05.747867+00:00,RENAME_REVIEW,KAKAO,KAKAO_STRONG,대항선착장 개방화장실,2.8,MATCH_STRONG,공중화장실,1.7
facility:3001,facility,3001,강서구,대항마을어촌관광단지,TOILET,KEEP,유지,[지도/POI 1차판정] 카카오 지도 근거 확인 / 카카오=공중화장실(4.3m); POI=공중화장실(4.6m),35.0101000,128.8255000,,,,,,,public_toilet:1651,3001,,public_toilet:1651,2026-04-27T08:19:05.747867+00:00,RENAME_REVIEW,KAKAO,KAKAO_STRONG,공중화장실,4.3,MATCH_STRONG,공중화장실,4.6
facility:2909,facility,2909,강서구,대항새바지,TOILET,KEEP,유지,[지도/POI 1차판정] 카카오 지도 근거 확인 / 카카오=새바지낚시(91.4m); POI=공중화장실(3.0m),35.0164900,128.8349000,,,,,,,public_toilet:1518,2909,,public_toilet:1518,2026-04-27T08:19:05.747867+00:00,RENAME_REVIEW,KAKAO,KAKAO_MEDIUM,새바지낚시,91.4,MATCH_STRONG,공중화장실,3.0
facility:3002,facility,3002,강서구,대항새바지동굴앞,TOILET,KEEP,유지,[지도/POI 1차판정] 공중화장실/시설 POI 근거리 확인 / POI=새바지콘도형민박(43.8m),35.0141700,128.8346000,,,,,,,public_toilet:1652,3002,,public_toilet:1652,2026-04-27T08:19:05.747867+00:00,POI_ONLY_CATEGORY_RECHECK,POI,KAKAO_NO_RESULT,,,MATCH_STRONG,새바지콘도형민박,43.8
facility:2992,facility,2992,강서구,대항주차장,TOILET,KEEP,유지,[지도/POI 1차판정] 카카오 지도 근거 확인 / 카카오=대항공영주차장(37.0m); POI=대항마을주차장(5.6m),35.0120600,128.8298000,,,,,,,public_toilet:1634,2992,,public_toilet:1634,2026-04-27T08:19:05.747867+00:00,RENAME_REVIEW,KAKAO,KAKAO_MEDIUM,대항공영주차장,37.0,MATCH_STRONG,대항마을주차장,5.6
facility:3008,facility,3008,강서구,대항항관광체험장,TOILET,KEEP,유지,[지도/POI 1차판정] 카카오 지도 근거 확인 / 카카오=대항항 공용화장실(5.2m); POI=공중화장실(4.9m),35.0142700,128.8267000,,,,,,,public_toilet:1662,3008,,public_toilet:1662,2026-04-27T08:19:05.747867+00:00,RENAME_REVIEW,KAKAO,KAKAO_STRONG,대항항 공용화장실,5.2,MATCH_MEDIUM,공중화장실,4.9
facility:2922,facility,2922,강서구,덕두시장,TOILET,KEEP,유지,[지도/POI 1차판정] 공중화장실/시설 POI 근거리 확인 / 카카오=덕두시장(34.6m); POI=공중화장실(24.1m),35.1791300,128.9561000,,,,,,,public_toilet:1534,2922,,public_toilet:1534,2026-04-27T08:19:05.747867+00:00,CATEGORY_REVIEW,KAKAO,KAKAO_STRONG,덕두시장,34.6,MATCH_STRONG,공중화장실,24.1
facility:2982,facility,2982,강서구,동서교 옆(평강하리),TOILET,KEEP,유지,[지도/POI 1차판정] 카카오 지도 근거 확인 / 카카오=화장실(4.9m); POI=공중화장실(4.1m),35.1968500,128.9315000,,,,,,,public_toilet:1620,2982,,public_toilet:1620,2026-04-27T08:19:05.747867+00:00,RENAME_REVIEW,KAKAO,KAKAO_STRONG,화장실,4.9,MATCH_STRONG,공중화장실,4.1
facility:2895,facility,2895,강서구,동선동 공동주차장,TOILET,KEEP,유지,[지도/POI 1차판정] 카카오 지도 근거 확인 / 카카오=공중화장실(4.9m); POI=공중화장실(5.7m),35.0556800,128.8323000,,,,,,,public_toilet:1494,2895,,public_toilet:1494,2026-04-27T08:19:05.747867+00:00,RENAME_REVIEW,KAKAO,KAKAO_STRONG,공중화장실,4.9,MATCH_STRONG,공중화장실,5.7
facility:2877,facility,2877,강서구,동선새바지,TOILET,KEEP,유지,[지도/POI 1차판정] 카카오 지도 근거 확인 / 카카오=동선새바지 공중화장실(11.9m); POI=공중화장실(16.2m),35.0546500,128.8479000,,,,,,,public_toilet:1462,2877,,public_toilet:1462,2026-04-27T08:19:05.747867+00:00,KEEP,KAKAO,KAKAO_STRONG,동선새바지 공중화장실,11.9,MATCH_STRONG,공중화장실,16.2
facility:2979,facility,2979,강서구,동선샛바람길,TOILET,KEEP,유지,[지도/POI 1차판정] 카카오 지도 근거 확인 / 카카오=공중화장실(9.8m); POI=공중화장실(4.2m),35.0538300,128.8387000,,,,,,,public_toilet:1615,2979,,public_toilet:1615,2026-04-27T08:19:05.747867+00:00,RENAME_REVIEW,KAKAO,KAKAO_STRONG,공중화장실,9.8,MATCH_STRONG,공중화장실,4.2
facility:2946,facility,2946,강서구,두문마을앞,TOILET,KEEP,유지,[지도/POI 1차판정] 공중화장실/시설 POI 근거리 확인 / POI=공중화장실(5.6m),35.0350900,128.8121000,,,,,,,public_toilet:1566,2946,,public_toilet:1566,2026-04-27T08:19:05.747867+00:00,POI_ONLY_RECHECK,POI,KAKAO_NO_RESULT,,,MATCH_STRONG,공중화장실,5.6
facility:3003,facility,3003,강서구,맥도생태공원제방변,TOILET,KEEP,유지,[지도/POI 1차판정] 카카오 지도 근거 확인 / 카카오=개방화장실(42.3m); POI=공중화장실(41.8m),35.1282100,128.9430000,,,,,,,public_toilet:1655,3003,,public_toilet:1655,2026-04-27T08:19:05.747867+00:00,RENAME_REVIEW,KAKAO,KAKAO_STRONG,개방화장실,42.3,MATCH_STRONG,공중화장실,41.8
facility:2947,facility,2947,강서구,명지1동행정복지센터,TOILET,KEEP,유지,[지도/POI 1차판정] 공중화장실/시설 POI 근거리 확인 / 카카오=명지1동행정복지센터(689.3m); POI=명지더웨스턴아파트/110동(40.7m),35.0968107,128.9133770,,,,,,,public_toilet:1568,2947,,public_toilet:1568,2026-04-27T08:19:05.747867+00:00,POI_ONLY_RECHECK,POI,KAKAO_WEAK,명지1동행정복지센터,689.3,MATCH_MEDIUM,명지더웨스턴아파트/110동,40.7
facility:2965,facility,2965,강서구,명지2동행정복지센터,TOILET,KEEP,유지,[지도/POI 1차판정] 공중화장실/시설 POI 근거리 확인 / 카카오=명지2동행정복지센터(19.3m); POI=명지2동행정복지센터(19.3m),35.0847000,128.9002000,,,,,,,public_toilet:1597,2965,,public_toilet:1597,2026-04-27T08:19:05.747867+00:00,CATEGORY_REVIEW,KAKAO,KAKAO_STRONG,명지2동행정복지센터,19.3,MATCH_STRONG,명지2동행정복지센터,19.3
facility:3007,facility,3007,강서구,명지75광장(게이트볼장),TOILET,KEEP,유지,[지도/POI 1차판정] 공중화장실/시설 POI 근거리 확인 / POI=공중화장실(18.4m),35.0931187,128.9235914,,,,,,,public_toilet:1661,3007,,public_toilet:1661,2026-04-27T08:19:05.747867+00:00,POI_ONLY_RECHECK,POI,KAKAO_NO_RESULT,,,MATCH_STRONG,공중화장실,18.4
facility:2941,facility,2941,강서구,명지공원1(운동장),TOILET,KEEP,유지,[지도/POI 1차판정] 카카오 지도 근거 확인 / 카카오=명지동근린공원 개방화장실(74.7m); POI=명지공원(22.2m),35.0876600,128.9067000,,,,,,,public_toilet:1561,2941,,public_toilet:1561,2026-04-27T08:19:05.747867+00:00,RENAME_REVIEW,KAKAO,KAKAO_STRONG,명지동근린공원 개방화장실,74.7,MATCH_STRONG,명지공원,22.2
facility:2972,facility,2972,강서구,명지공원2(관리사무실),TOILET,KEEP,유지,[지도/POI 1차판정] 카카오 지도 근거 확인 / 카카오=명지동근린공원 개방화장실(79.0m); POI=명지공원(26.6m),35.0877000,128.9067000,,,,,,,public_toilet:1606,2972,,public_toilet:1606,2026-04-27T08:19:05.747867+00:00,RENAME_REVIEW,KAKAO,KAKAO_STRONG,명지동근린공원 개방화장실,79.0,MATCH_STRONG,명지공원,26.6
facility:2894,facility,2894,강서구,명지노인종합복지관 화장실,TOILET,KEEP,유지,[지도/POI 1차판정] 공중화장실/시설 POI 근거리 확인 / 카카오=명지노인종합복지관(57.3m); POI=공중화장실(60.9m),35.1102860,128.9236070,,,,,,,public_toilet:1493,2894,,public_toilet:1493,2026-04-27T08:19:05.747867+00:00,POI_ONLY_RECHECK,POI,KAKAO_WEAK,명지노인종합복지관,57.3,MATCH_MEDIUM,공중화장실,60.9
facility:2969,facility,2969,강서구,명지동75호광장(테니스장),TOILET,KEEP,유지,[지도/POI 1차판정] 카카오 지도 근거 확인 / 카카오=75호광장테니스장(48.5m); POI=공중화장실(4.8m),35.0931187,128.9235914,,,,,,,public_toilet:1601,2969,,public_toilet:1601,2026-04-27T08:19:05.747867+00:00,RENAME_REVIEW,KAKAO,KAKAO_MEDIUM,75호광장테니스장,48.5,MATCH_STRONG,공중화장실,4.8
facility:2931,facility,2931,강서구,명지시장(시장번영회),TOILET,KEEP,유지,[지도/POI 1차판정] 카카오 지도 근거 확인 / 카카오=부산명지시장 주차장개방화장실(29.3m); POI=공중화장실(8.6m),35.1129300,128.9316000,,,,,,,public_toilet:1547,2931,,public_toilet:1547,2026-04-27T08:19:05.747867+00:00,KEEP,KAKAO,KAKAO_STRONG,부산명지시장 주차장개방화장실,29.3,MATCH_STRONG,공중화장실,8.6
facility:3004,facility,3004,강서구,명지오션시티 서편,TOILET,KEEP,유지,[지도/POI 1차판정] 공중화장실/시설 POI 근거리 확인 / POI=공중화장실(4.6m),35.0867700,128.8959000,,,,,,,public_toilet:1656,3004,,public_toilet:1656,2026-04-27T08:19:05.747867+00:00,POI_ONLY_RECHECK,POI,KAKAO_NO_RESULT,,,MATCH_STRONG,공중화장실,4.6
facility:2917,facility,2917,강서구,명지지구대,TOILET,KEEP,유지,[지도/POI 1차판정] 공중화장실/시설 POI 근거리 확인 / 카카오=명지지구대(9.5m); POI=명지지구대(9.5m),35.0938700,128.9087000,,,,,,,public_toilet:1528,2917,,public_toilet:1528,2026-04-27T08:19:05.747867+00:00,CATEGORY_REVIEW,KAKAO,KAKAO_STRONG,명지지구대,9.5,MATCH_STRONG,명지지구대,9.5
facility:2890,facility,2890,강서구,무궁화공원,TOILET,KEEP,유지,[지도/POI 1차판정] 공중화장실/시설 POI 근거리 확인 / 카카오=통일무궁화공원(72.3m); POI=공중화장실(16.9m),35.2203500,128.9743000,,,,,,,public_toilet:1483,2890,,public_toilet:1483,2026-04-27T08:19:05.747867+00:00,CATEGORY_REVIEW,KAKAO,KAKAO_MEDIUM,통일무궁화공원,72.3,MATCH_STRONG,공중화장실,16.9
facility:2993,facility,2993,강서구,미음야구장,TOILET,KEEP,유지,[지도/POI 1차판정] 공중화장실/시설 POI 근거리 확인 / 카카오=미음야구장(115.1m); POI=공중화장실(7.6m),35.1409000,128.8673000,,,,,,,public_toilet:1635,2993,,public_toilet:1635,2026-04-27T08:19:05.747867+00:00,POI_ONLY_RECHECK,POI,KAKAO_WEAK,미음야구장,115.1,MATCH_STRONG,공중화장실,7.6
facility:2949,facility,2949,강서구,보람공원,TOILET,KEEP,유지,[지도/POI 1차판정] 공중화장실/시설 POI 근거리 확인 / 카카오=보람공원(10.0m); POI=보람공원(8.7m),35.0884200,128.8444000,,,,,,,public_toilet:1570,2949,,public_toilet:1570,2026-04-27T08:19:05.747867+00:00,CATEGORY_REVIEW,KAKAO,KAKAO_STRONG,보람공원,10.0,MATCH_STRONG,보람공원,8.7
facility:2928,facility,2928,강서구,봉화산등산로,TOILET,KEEP,유지,[지도/POI 1차판정] 카카오 지도에서 상위 시설/공원 근거리 확인 / 카카오=봉화산(81.1m); POI=봉화산(81.8m),35.1207300,128.8715000,,,,,,,public_toilet:1541,2928,,public_toilet:1541,2026-04-27T08:19:05.747867+00:00,POI_ONLY_CATEGORY_RECHECK,POI,KAKAO_WEAK,봉화산,81.1,MATCH_MEDIUM,봉화산,81.8
facility:2926,facility,2926,강서구,부산강서경찰서,TOILET,KEEP,유지,[지도/POI 1차판정] 공중화장실/시설 POI 근거리 확인 / 카카오=부산강서경찰서(19.8m); POI=부산강서경찰서(13.8m),35.1166100,128.9064000,,,,,,,public_toilet:1538,2926,,public_toilet:1538,2026-04-27T08:19:05.747867+00:00,CATEGORY_REVIEW,KAKAO,KAKAO_STRONG,부산강서경찰서,19.8,MATCH_STRONG,부산강서경찰서,13.8
facility:2880,facility,2880,강서구,부산강서우체국 1층,TOILET,KEEP,유지,[지도/POI 1차판정] 공중화장실/시설 POI 근거리 확인 / 카카오=부산강서우체국(50.5m); POI=부산강서우체국(52.7m),35.2175130,128.9587670,,,,,,,public_toilet:1465,2880,,public_toilet:1465,2026-04-27T08:19:05.747867+00:00,CATEGORY_REVIEW,KAKAO,KAKAO_STRONG,부산강서우체국,50.5,MATCH_STRONG,부산강서우체국,52.7
facility:2934,facility,2934,강서구,부산광역시농업기술센터 화장실,TOILET,KEEP,유지,[지도/POI 1차판정] 카카오 지도 근거 확인 / 카카오=농업기술센터 농기앤카페(9.2m); POI=공중화장실(6.7m),35.2132759,128.9868233,,,,,,,public_toilet:1551,2934,,public_toilet:1551,2026-04-27T08:19:05.747867+00:00,RENAME_REVIEW,KAKAO,KAKAO_MEDIUM,농업기술센터 농기앤카페,9.2,MATCH_STRONG,공중화장실,6.7
facility:2999,facility,2999,강서구,부산대저2동우체국,TOILET,KEEP,유지,[지도/POI 1차판정] 공중화장실/시설 POI 근거리 확인 / 카카오=부산대저2동우체국(2.1m); POI=부산대저2동우체국(4.7m),35.1802870,128.9561400,,,,,,,public_toilet:1649,2999,,public_toilet:1649,2026-04-27T08:19:05.747867+00:00,CATEGORY_REVIEW,KAKAO,KAKAO_STRONG,부산대저2동우체국,2.1,MATCH_STRONG,부산대저2동우체국,4.7
facility:2944,facility,2944,강서구,부산신호동우체국,TOILET,KEEP,유지,[지도/POI 1차판정] 공중화장실/시설 POI 근거리 확인 / 카카오=부산신호동우체국(5.4m); POI=부산신호동우체국(5.0m),35.0852160,128.8791990,,,,,,,public_toilet:1564,2944,,public_toilet:1564,2026-04-27T08:19:05.747867+00:00,CATEGORY_REVIEW,KAKAO,KAKAO_STRONG,부산신호동우체국,5.4,MATCH_STRONG,부산신호동우체국,5.0
facility:2882,facility,2882,강서구,부산지방검찰청서부지청민원실,TOILET,KEEP,유지,[지도/POI 1차판정] 공중화장실/시설 POI 근거리 확인 / 카카오=부산지방검찰청 서부지청(51.6m); POI=부산지방검찰청서부지청(39.8m),35.0978500,128.9085000,,,,,,,public_toilet:1469,2882,,public_toilet:1469,2026-04-27T08:19:05.747867+00:00,CATEGORY_REVIEW,KAKAO,KAKAO_STRONG,부산지방검찰청 서부지청,51.6,MATCH_STRONG,부산지방검찰청서부지청,39.8
facility:2900,facility,2900,강서구,부산지방기상청 1층,TOILET,KEEP,유지,[지도/POI 1차판정] 공중화장실/시설 POI 근거리 확인 / 카카오=부산지방기상청(35.5m); POI=공중화장실(33.8m),35.2174600,128.9602000,,,,,,,public_toilet:1500,2900,,public_toilet:1500,2026-04-27T08:19:05.747867+00:00,CATEGORY_REVIEW,KAKAO,KAKAO_STRONG,부산지방기상청,35.5,MATCH_STRONG,공중화장실,33.8
facility:2957,facility,2957,강서구,부산지사동우체국,TOILET,KEEP,유지,[지도/POI 1차판정] 공중화장실/시설 POI 근거리 확인 / 카카오=부산지사동우체국(3.1m); POI=부산지사동우체국(0.6m),35.1508720,128.8321910,,,,,,,public_toilet:1584,2957,,public_toilet:1584,2026-04-27T08:19:05.747867+00:00,CATEGORY_REVIEW,KAKAO,KAKAO_STRONG,부산지사동우체국,3.1,MATCH_STRONG,부산지사동우체국,0.6
facility:2959,facility,2959,강서구,"부산해양경찰서
명지파출소",TOILET,KEEP,유지,[지도/POI 1차판정] 공중화장실/시설 POI 근거리 확인 / 카카오=명지파출소(20.2m); POI=부산해양경찰서명지파출소(21.1m),35.1064600,128.9313000,,,,,,,public_toilet:1587,2959,,public_toilet:1587,2026-04-27T08:19:05.747867+00:00,CATEGORY_REVIEW,KAKAO,KAKAO_STRONG,명지파출소,20.2,MATCH_STRONG,부산해양경찰서명지파출소,21.1
facility:2981,facility,2981,강서구,북부산영업소,TOILET,KEEP,유지,[지도/POI 1차판정] 공중화장실/시설 POI 근거리 확인 / 카카오=한국도로공사서비스 북부산영업소(3.2m); POI=남해선북부산영업소(4.8m),35.2220290,128.9411030,,,,,,,public_toilet:1619,2981,,public_toilet:1619,2026-04-27T08:19:05.747867+00:00,CATEGORY_REVIEW,KAKAO,KAKAO_STRONG,한국도로공사서비스 북부산영업소,3.2,MATCH_STRONG,남해선북부산영업소,4.8
facility:2881,facility,2881,강서구,사덕시장,TOILET,KEEP,유지,[지도/POI 1차판정] 공중화장실/시설 POI 근거리 확인 / 카카오=사덕시장(22.5m); POI=공중화장실(5.1m),35.2131300,128.9826000,,,,,,,public_toilet:1466,2881,,public_toilet:1466,2026-04-27T08:19:05.747867+00:00,CATEGORY_REVIEW,KAKAO,KAKAO_STRONG,사덕시장,22.5,MATCH_STRONG,공중화장실,5.1
facility:2919,facility,2919,강서구,삼성자동차동문(남),TOILET,KEEP,유지,[지도/POI 1차판정] 공중화장실/시설 POI 근거리 확인 / POI=공중화장실(92.5m),35.0925300,128.8875000,,,,,,,public_toilet:1530,2919,,public_toilet:1530,2026-04-27T08:19:05.747867+00:00,POI_ONLY_RECHECK,POI,KAKAO_NO_RESULT,,,MATCH_MEDIUM,공중화장실,92.5
facility:2899,facility,2899,강서구,상수도사업본부 강서사업소,TOILET,KEEP,유지,[지도/POI 1차판정] 공중화장실/시설 POI 근거리 확인 / 카카오=부산광역시 상수도사업본부 강서사업소(43.8m); POI=공중화장실(2.2m),35.1709500,128.9586000,,,,,,,public_toilet:1498,2899,,public_toilet:1498,2026-04-27T08:19:05.747867+00:00,CATEGORY_REVIEW,KAKAO,KAKAO_MEDIUM,부산광역시 상수도사업본부 강서사업소,43.8,MATCH_STRONG,공중화장실,2.2
facility:2902,facility,2902,강서구,생교동마을회관앞,TOILET,KEEP,유지,[지도/POI 1차판정] 공중화장실/시설 POI 근거리 확인 / POI=생교경로당(13.8m),35.0540000,128.8414000,,,,,,,public_toilet:1502,2902,,public_toilet:1502,2026-04-27T08:19:05.747867+00:00,POI_ONLY_CATEGORY_RECHECK,POI,KAKAO_NO_RESULT,,,MATCH_STRONG,생교경로당,13.8
facility:3005,facility,3005,강서구,서부산(순천)휴게소,TOILET,KEEP,유지,[지도/POI 1차판정] 공중화장실/시설 POI 근거리 확인 / 카카오=CU E서부산휴게소순천점(42.2m); POI=서부산휴게소(25.2m),35.1570900,128.9486000,,,,,,,public_toilet:1657,3005,,public_toilet:1657,2026-04-27T08:19:05.747867+00:00,CATEGORY_REVIEW,KAKAO,KAKAO_STRONG,CU E서부산휴게소순천점,42.2,MATCH_STRONG,서부산휴게소,25.2
facility:2896,facility,2896,강서구,선창입구,TOILET,KEEP,유지,[지도/POI 1차판정] 카카오 지도 근거 확인 / 카카오=공중화장실(12.3m); POI=공중화장실(9.3m),35.0667100,128.8335000,,,,,,,public_toilet:1495,2896,,public_toilet:1495,2026-04-27T08:19:05.747867+00:00,RENAME_REVIEW,KAKAO,KAKAO_STRONG,공중화장실,12.3,MATCH_STRONG,공중화장실,9.3
facility:2967,facility,2967,강서구,소양보육원앞,TOILET,KEEP,유지,[지도/POI 1차판정] 공중화장실/시설 POI 근거리 확인 / 카카오=천성보건진료소(2033.3m); POI=공중화장실(8.5m),35.0434000,128.8299000,,,,,,,public_toilet:1599,2967,,public_toilet:1599,2026-04-27T08:19:05.747867+00:00,POI_ONLY_RECHECK,POI,KAKAO_NEARBY_ONLY,천성보건진료소,2033.3,MATCH_STRONG,공중화장실,8.5
facility:2935,facility,2935,강서구,송정공원1(공원),TOILET,KEEP,유지,[지도/POI 1차판정] 공중화장실/시설 POI 근거리 확인 / 카카오=송정공원 출입구1(135.8m); POI=송정공원(23.5m),35.1014000,128.8244000,,,,,,,public_toilet:1552,2935,,public_toilet:1552,2026-04-27T08:19:05.747867+00:00,POI_ONLY_CATEGORY_RECHECK,POI,KAKAO_WEAK,송정공원 출입구1,135.8,MATCH_STRONG,송정공원,23.5
facility:2997,facility,2997,강서구,송정공원2(운동장),TOILET,KEEP,유지,[지도/POI 1차판정] 공중화장실/시설 POI 근거리 확인 / 카카오=희망공원 운동장2(2810.3m); POI=송정공원(25.4m),35.0991100,128.8235000,,,,,,,public_toilet:1646,2997,,public_toilet:1646,2026-04-27T08:19:05.747867+00:00,POI_ONLY_CATEGORY_RECHECK,POI,KAKAO_NEARBY_ONLY,희망공원 운동장2,2810.3,MATCH_STRONG,송정공원,25.4
facility:2975,facility,2975,강서구,수능엄사 옆,TOILET,KEEP,유지,[지도/POI 1차판정] 카카오 지도 근거 확인 / 카카오=수능엄사옆 공중화장실(3.3m); POI=공중화장실(5.4m),35.1198100,128.8970000,,,,,,,public_toilet:1611,2975,,public_toilet:1611,2026-04-27T08:19:05.747867+00:00,KEEP,KAKAO,KAKAO_STRONG,수능엄사옆 공중화장실,3.3,MATCH_STRONG,공중화장실,5.4
facility:2966,facility,2966,강서구,수산자원연구소 휴게동,TOILET,KEEP,유지,[지도/POI 1차판정] 공중화장실/시설 POI 근거리 확인 / 카카오=부산광역시 수산자원연구소 휴게동(8.4m); POI=부산광역시수산자원연구소(11.4m),35.0880410,128.9089580,,,,,,,public_toilet:1598,2966,,public_toilet:1598,2026-04-27T08:19:05.747867+00:00,CATEGORY_REVIEW,KAKAO,KAKAO_MEDIUM,부산광역시 수산자원연구소 휴게동,8.4,MATCH_MEDIUM,부산광역시수산자원연구소,11.4
facility:2889,facility,2889,강서구,숭림사 공중화장실,TOILET,KEEP,유지,[지도/POI 1차판정] 공중화장실/시설 POI 근거리 확인 / POI=공중화장실(3.3m),35.1161100,128.8880000,,,,,,,public_toilet:1481,2889,,public_toilet:1481,2026-04-27T08:19:05.747867+00:00,POI_ONLY_RECHECK,POI,KAKAO_NO_RESULT,,,MATCH_STRONG,공중화장실,3.3
facility:2898,facility,2898,강서구,신호공원,TOILET,KEEP,유지,[지도/POI 1차판정] 공중화장실/시설 POI 근거리 확인 / 카카오=신호공원 공중화장실(171.8m); POI=신호관광호입구(30.1m),35.0817800,128.8727000,,,,,,,public_toilet:1497,2898,,public_toilet:1497,2026-04-27T08:19:05.747867+00:00,POI_ONLY_CATEGORY_RECHECK,POI,KAKAO_WEAK,신호공원 공중화장실,171.8,MATCH_STRONG,신호관광호입구,30.1
facility:2920,facility,2920,강서구,신호민원센터,TOILET,KEEP,유지,[지도/POI 1차판정] 공중화장실/시설 POI 근거리 확인 / POI=녹산동신호민원센터(18.5m),35.0856200,128.8791000,,,,,,,public_toilet:1532,2920,,public_toilet:1532,2026-04-27T08:19:05.747867+00:00,POI_ONLY_CATEGORY_RECHECK,POI,KAKAO_NO_RESULT,,,MATCH_STRONG,녹산동신호민원센터,18.5
facility:2906,facility,2906,강서구,신호솔밭공원,TOILET,KEEP,유지,[지도/POI 1차판정] 공중화장실/시설 POI 근거리 확인 / POI=애니원웍스(45.7m),35.0806500,128.8755000,,,,,,,public_toilet:1514,2906,,public_toilet:1514,2026-04-27T08:19:05.747867+00:00,POI_ONLY_CATEGORY_RECHECK,POI,KAKAO_NO_RESULT,,,MATCH_MEDIUM,애니원웍스,45.7
facility:2987,facility,2987,강서구,신호작은도서관,TOILET,KEEP,유지,[지도/POI 1차판정] 카카오 지도 근거 확인 / 카카오=신호장난감도서관(57.5m); POI=신호작은도서관(아이들꿈자람터)(59.4m),35.0885100,128.8719000,,,,,,,public_toilet:1629,2987,,public_toilet:1629,2026-04-27T08:19:05.747867+00:00,RENAME_REVIEW,KAKAO,KAKAO_STRONG,신호장난감도서관,57.5,MATCH_STRONG,신호작은도서관(아이들꿈자람터),59.4
facility:2952,facility,2952,강서구,신호파출소,TOILET,KEEP,유지,[지도/POI 1차판정] 공중화장실/시설 POI 근거리 확인 / 카카오=신호파출소(5.2m); POI=신호파출소(3.3m),35.0899300,128.8564000,,,,,,,public_toilet:1573,2952,,public_toilet:1573,2026-04-27T08:19:05.747867+00:00,CATEGORY_REVIEW,KAKAO,KAKAO_STRONG,신호파출소,5.2,MATCH_STRONG,신호파출소,3.3
facility:2958,facility,2958,강서구,연결녹지4호1,TOILET,KEEP,유지,[지도/POI 1차판정] 공중화장실/시설 POI 근거리 확인 / POI=공중화장실(128.5m),35.0896500,128.9083000,,,,,,,public_toilet:1586,2958,,public_toilet:1586,2026-04-27T08:19:05.747867+00:00,POI_ONLY_RECHECK,POI,KAKAO_NO_RESULT,,,MATCH_MEDIUM,공중화장실,128.5
facility:2960,facility,2960,강서구,연결녹지4호2,TOILET,KEEP,유지,[지도/POI 1차판정] 공중화장실/시설 POI 근거리 확인 / POI=지아샵(26.9m),35.0938200,128.9203000,,,,,,,public_toilet:1588,2960,,public_toilet:1588,2026-04-27T08:19:05.747867+00:00,POI_ONLY_CATEGORY_RECHECK,POI,KAKAO_NO_RESULT,,,MATCH_STRONG,지아샵,26.9
facility:2892,facility,2892,강서구,외눌마을(눌차마을)입구,TOILET,KEEP,유지,[지도/POI 1차판정] 공중화장실/시설 POI 근거리 확인 / POI=공중화장실(3.0m),35.0677100,128.8368000,,,,,,,public_toilet:1491,2892,,public_toilet:1491,2026-04-27T08:19:05.747867+00:00,POI_ONLY_RECHECK,POI,KAKAO_NO_RESULT,,,MATCH_STRONG,공중화장실,3.0
facility:2914,facility,2914,강서구,외양포공영주차장,TOILET,KEEP,유지,[지도/POI 1차판정] 공중화장실/시설 POI 근거리 확인 / 카카오=외양포전망대 공영주차장(129.1m); POI=공중화장실(6.4m),35.0059400,128.8268000,,,,,,,public_toilet:1524,2914,,public_toilet:1524,2026-04-27T08:19:05.747867+00:00,POI_ONLY_RECHECK,POI,KAKAO_WEAK,외양포전망대 공영주차장,129.1,MATCH_STRONG,공중화장실,6.4
facility:2910,facility,2910,강서구,외양포해변,TOILET,KEEP,유지,[지도/POI 1차판정] 카카오 지도 근거 확인 / 카카오=공중화장실(4.1m); POI=외양포(버스정류장)(42.9m),35.0051700,128.8244000,,,,,,,public_toilet:1519,2910,,public_toilet:1519,2026-04-27T08:19:05.747867+00:00,RENAME_REVIEW,KAKAO,KAKAO_STRONG,공중화장실,4.1,MATCH_STRONG,외양포(버스정류장),42.9
facility:2940,facility,2940,강서구,울림공원(물놀이장),TOILET,KEEP,유지,[지도/POI 1차판정] 공중화장실/시설 POI 근거리 확인 / 카카오=울림공원 공중화장실(329.1m); POI=울림공원(24.2m),35.1018400,128.9270000,,,,,,,public_toilet:1559,2940,,public_toilet:1559,2026-04-27T08:19:05.747867+00:00,POI_ONLY_CATEGORY_RECHECK,POI,KAKAO_WEAK,울림공원 공중화장실,329.1,MATCH_STRONG,울림공원,24.2
facility:2977,facility,2977,강서구,울림공원모래놀이터,TOILET,KEEP,유지,[지도/POI 1차판정] 공중화장실/시설 POI 근거리 확인 / 카카오=울림공원 어린이놀이터 공중화장실(210.8m); POI=울림공원(23.4m),35.1018200,128.9271000,,,,,,,public_toilet:1613,2977,,public_toilet:1613,2026-04-27T08:19:05.747867+00:00,POI_ONLY_CATEGORY_RECHECK,POI,KAKAO_WEAK,울림공원 어린이놀이터 공중화장실,210.8,MATCH_STRONG,울림공원,23.4
facility:2918,facility,2918,강서구,장항전망대,TOILET,KEEP,유지,[지도/POI 1차판정] 공중화장실/시설 POI 근거리 확인 / 카카오=금강하구둑전망대(215668.5m); POI=공중화장실(4.1m),35.0540100,128.8005000,,,,,,,public_toilet:1529,2918,,public_toilet:1529,2026-04-27T08:19:05.747867+00:00,POI_ONLY_RECHECK,POI,KAKAO_NEARBY_ONLY,금강하구둑전망대,215668.5,MATCH_STRONG,공중화장실,4.1
facility:2886,facility,2886,강서구,정거마을,TOILET,KEEP,유지,[지도/POI 1차판정] 공중화장실/시설 POI 근거리 확인 / 카카오=정거마을문화거리(38.3m); POI=정거마을(46.6m),35.0690100,128.8516000,,,,,,,public_toilet:1477,2886,,public_toilet:1477,2026-04-27T08:19:05.747867+00:00,CATEGORY_REVIEW,KAKAO,KAKAO_MEDIUM,정거마을문화거리,38.3,MATCH_MEDIUM,정거마을,46.6
facility:2903,facility,2903,강서구,제방변(덕두마을),TOILET,KEEP,유지,[지도/POI 1차판정] 카카오 지도 근거 확인 / 카카오=화장실(10.4m); POI=공중화장실(10.6m),35.1738100,128.9601000,,,,,,,public_toilet:1503,2903,,public_toilet:1503,2026-04-27T08:19:05.747867+00:00,RENAME_REVIEW,KAKAO,KAKAO_STRONG,화장실,10.4,MATCH_STRONG,공중화장실,10.6
facility:2883,facility,2883,강서구,제방변(등구마을),TOILET,KEEP,유지,[지도/POI 1차판정] 카카오 지도 근거 확인 / 카카오=제방변등구마을 공중화장실(13.4m); POI=공중화장실(13.6m),35.1887300,128.9608000,,,,,,,public_toilet:1470,2883,,public_toilet:1470,2026-04-27T08:19:05.747867+00:00,KEEP,KAKAO,KAKAO_STRONG,제방변등구마을 공중화장실,13.4,MATCH_MEDIUM,공중화장실,13.6
facility:3013,facility,3013,강서구,중사도,TOILET,KEEP,유지,[지도/POI 1차판정] 공중화장실/시설 POI 근거리 확인 / 카카오=중사도농원(399.5m); POI=공중화장실(4.1m),35.2147400,128.9170000,,,,,,,public_toilet:1668,3013,,public_toilet:1668,2026-04-27T08:19:05.747867+00:00,POI_ONLY_RECHECK,POI,KAKAO_WEAK,중사도농원,399.5,MATCH_STRONG,공중화장실,4.1
facility:2888,facility,2888,강서구,지사도서관,TOILET,KEEP,유지,[지도/POI 1차판정] 카카오 지도에서 상위 시설/공원 근거리 확인 / 카카오=지사도서관(97.6m); POI=지사도서관(89.4m),35.1517600,128.8312100,,,,,,,public_toilet:1480,2888,,public_toilet:1480,2026-04-27T08:19:05.747867+00:00,CATEGORY_REVIEW,KAKAO,KAKAO_STRONG,지사도서관,97.6,MATCH_MEDIUM,지사도서관,89.4
facility:2963,facility,2963,강서구,지사민원센터,TOILET,KEEP,유지,[지도/POI 1차판정] 공중화장실/시설 POI 근거리 확인 / 카카오=녹산동행정복지센터 지사민원센터(94.8m); POI=지사공원(2호근린공원)(18.1m),35.1517700,128.8311000,,,,,,,public_toilet:1591,2963,,public_toilet:1591,2026-04-27T08:19:05.747867+00:00,CATEGORY_REVIEW,KAKAO,KAKAO_MEDIUM,녹산동행정복지센터 지사민원센터,94.8,MATCH_STRONG,지사공원(2호근린공원),18.1
facility:2904,facility,2904,강서구,지사스포츠파크,TOILET,KEEP,유지,[지도/POI 1차판정] 공중화장실/시설 POI 근거리 확인 / 카카오=지사스포츠파크(6.2m); POI=공중화장실(8.4m),35.1454100,128.8449040,,,,,,,public_toilet:1509,2904,,public_toilet:1509,2026-04-27T08:19:05.747867+00:00,CATEGORY_REVIEW,KAKAO,KAKAO_STRONG,지사스포츠파크,6.2,MATCH_STRONG,공중화장실,8.4
facility:2978,facility,2978,강서구,지사천,TOILET,KEEP,유지,[지도/POI 1차판정] 공중화장실/시설 POI 근거리 확인 / 카카오=지사천(389.7m); POI=공중화장실(4.9m),35.1435900,128.8458000,,,,,,,public_toilet:1614,2978,,public_toilet:1614,2026-04-27T08:19:05.747867+00:00,POI_ONLY_RECHECK,POI,KAKAO_REVIEW,지사천,389.7,MATCH_STRONG,공중화장실,4.9
facility:2907,facility,2907,강서구,지사파출소,TOILET,KEEP,유지,[지도/POI 1차판정] 공중화장실/시설 POI 근거리 확인 / 카카오=지사파출소(3.7m); POI=지사파출소(3.3m),35.1511700,128.8322000,,,,,,,public_toilet:1515,2907,,public_toilet:1515,2026-04-27T08:19:05.747867+00:00,CATEGORY_REVIEW,KAKAO,KAKAO_STRONG,지사파출소,3.7,MATCH_STRONG,지사파출소,3.3
facility:2884,facility,2884,강서구,지양곡연대봉등산로,TOILET,KEEP,유지,[지도/POI 1차판정] 카카오 지도 근거 확인 / 카카오=백재덕호국영웅상(5.5m); POI=공중화장실(5.5m),35.0222300,128.8221000,,,,,,,public_toilet:1473,2884,,public_toilet:1473,2026-04-27T08:19:05.747867+00:00,RENAME_REVIEW,KAKAO,KAKAO_MEDIUM,백재덕호국영웅상,5.5,MATCH_STRONG,공중화장실,5.5
facility:2955,facility,2955,강서구,천성국군묘지,TOILET,KEEP,유지,[지도/POI 1차판정] 공중화장실/시설 POI 근거리 확인 / 카카오=부산가덕도국가관리묘역(1211.1m); POI=공중화장실(2.1m),35.0398900,128.8284000,,,,,,,public_toilet:1582,2955,,public_toilet:1582,2026-04-27T08:19:05.747867+00:00,POI_ONLY_RECHECK,POI,KAKAO_REVIEW,부산가덕도국가관리묘역,1211.1,MATCH_STRONG,공중화장실,2.1
facility:2878,facility,2878,강서구,천성서중마을,TOILET,KEEP,유지,[지도/POI 1차판정] 공중화장실/시설 POI 근거리 확인 / POI=공중화장실(4.7m),35.0303800,128.8114000,,,,,,,public_toilet:1463,2878,,public_toilet:1463,2026-04-27T08:19:05.747867+00:00,POI_ONLY_RECHECK,POI,KAKAO_NO_RESULT,,,MATCH_MEDIUM,공중화장실,4.7
facility:2994,facility,2994,강서구,천성선착장(임시1),TOILET,KEEP,유지,[지도/POI 1차판정] 공중화장실/시설 POI 근거리 확인 / POI=공중화장실(2.3m),35.0283000,128.8155000,,,,,,,public_toilet:1636,2994,,public_toilet:1636,2026-04-27T08:19:05.747867+00:00,POI_ONLY_RECHECK,POI,KAKAO_NO_RESULT,,,MATCH_STRONG,공중화장실,2.3
facility:2962,facility,2962,강서구,천성선착장(임시2),TOILET,KEEP,유지,[지도/POI 1차판정] 공중화장실/시설 POI 근거리 확인 / POI=공중화장실(2.3m),35.0283000,128.8155000,,,,,,,public_toilet:1590,2962,,public_toilet:1590,2026-04-27T08:19:05.747867+00:00,POI_ONLY_RECHECK,POI,KAKAO_NO_RESULT,,,MATCH_STRONG,공중화장실,2.3
facility:2927,facility,2927,강서구,철새탐조대,TOILET,KEEP,유지,[지도/POI 1차판정] 공중화장실/시설 POI 근거리 확인 / 카카오=명지철새탐조대(91.4m); POI=명지철새탐조대(버스정류장)(26.3m),35.0848900,128.9120000,,,,,,,public_toilet:1540,2927,,public_toilet:1540,2026-04-27T08:19:05.747867+00:00,CATEGORY_REVIEW,KAKAO,KAKAO_MEDIUM,명지철새탐조대,91.4,MATCH_MEDIUM,명지철새탐조대(버스정류장),26.3
facility:2924,facility,2924,강서구,화동공원,TOILET,KEEP,유지,[지도/POI 1차판정] 공중화장실/시설 POI 근거리 확인 / 카카오=화동공원(30.0m); POI=화동공원(71.6m),35.1118800,128.8863000,,,,,,,public_toilet:1536,2924,,public_toilet:1536,2026-04-27T08:19:05.747867+00:00,CATEGORY_REVIEW,KAKAO,KAKAO_MEDIUM,화동공원,30.0,MATCH_STRONG,화동공원,71.6
facility:2942,facility,2942,강서구,화암공원,TOILET,KEEP,유지,[지도/POI 1차판정] 공중화장실/시설 POI 근거리 확인 / 카카오=화암공원(19.0m); POI=화암공원(15.9m),35.1101500,128.8774000,,,,,,,public_toilet:1562,2942,,public_toilet:1562,2026-04-27T08:19:05.747867+00:00,CATEGORY_REVIEW,KAKAO,KAKAO_STRONG,화암공원,19.0,MATCH_STRONG,화암공원,15.9
facility:2879,facility,2879,강서구,화전공원,TOILET,KEEP,유지,[지도/POI 1차판정] 카카오 지도 근거 확인 / 카카오=화전공원 공중화장실(50.6m); POI=화전공원(47.1m),35.1058200,128.8796000,,,,,,,public_toilet:1464,2879,,public_toilet:1464,2026-04-27T08:19:05.747867+00:00,KEEP,KAKAO,KAKAO_STRONG,화전공원 공중화장실,50.6,MATCH_STRONG,화전공원,47.1
facility:2932,facility,2932,강서구,희망공원,TOILET,KEEP,유지,[지도/POI 1차판정] 공중화장실/시설 POI 근거리 확인 / 카카오=희망공원(43.7m); POI=희망공원(78.1m),35.0924000,128.8533000,,,,,,,public_toilet:1549,2932,,public_toilet:1549,2026-04-27T08:19:05.747867+00:00,CATEGORY_REVIEW,KAKAO,KAKAO_MEDIUM,희망공원,43.7,MATCH_STRONG,희망공원,78.1
facility:105,facility,105,강서구,거가대교 홍보전시관,TOURIST_SPOT,KEEP,유지,[지도/POI 1차판정] POI 근거리 확인 / 카카오=거가대교 홍보전시관(316.1m); POI=거가대교홍보전시관(48.1m),35.0229443,128.8101226,,,,,,,tourist_spot:161,105,,tourist_spot:161,2026-04-27T08:19:05.747867+00:00,POI_ONLY_RECHECK,POI,KAKAO_WEAK,거가대교 홍보전시관,316.1,MATCH_STRONG,거가대교홍보전시관,48.1
facility:90,facility,90,강서구,렛츠런파크 부산경남,TOURIST_SPOT,KEEP,유지,[지도/POI 1차판정] 카카오 지도 근거 확인 / 카카오=렛츠런파크부산경남 KRA부산경남본부(1.7m); POI=렛츠런파크부산경남(1.1m),35.1546447,128.8819239,,,,,,,tourist_spot:113,90,,tourist_spot:113,2026-04-27T08:19:05.747867+00:00,KEEP,KAKAO,KAKAO_STRONG,렛츠런파크부산경남 KRA부산경남본부,1.7,MATCH_STRONG,렛츠런파크부산경남,1.1
facility:109,facility,109,강서구,명지시장,TOURIST_SPOT,KEEP,유지,[지도/POI 1차판정] 카카오 지도 근거 확인 / 카카오=명지시장(18.2m); POI=명지시장(9.6m),35.1129198,128.9317096,,,,,,,tourist_spot:167,109,,tourist_spot:167,2026-04-27T08:19:05.747867+00:00,KEEP,KAKAO,KAKAO_STRONG,명지시장,18.2,MATCH_STRONG,명지시장,9.6
facility:126,facility,126,강서구,보람공원,TOURIST_SPOT,KEEP,유지,[지도/POI 1차판정] 카카오 지도 근거 확인 / 카카오=보람공원 풋볼장(25.7m); POI=보람공원(105.0m),35.0881459,128.8432430,,,,,,,tourist_spot:188,126,,tourist_spot:188,2026-04-27T08:19:05.747867+00:00,KEEP,KAKAO,KAKAO_STRONG,보람공원 풋볼장,25.7,MATCH_MEDIUM,보람공원,105.0
facility:1289,facility,1289,강서구,가나안복지교회,WELFARE,KEEP,유지,[지도/POI 1차판정] 카카오 지도 근거 확인 / 카카오=가나안복지교회(15.6m); POI=가나안복지교회(14.8m),35.1994214,128.9137333,,,,,,,barrier_free_facility:9393,1289,,barrier_free_facility:9393,2026-04-27T08:19:05.747867+00:00,KEEP,KAKAO,KAKAO_STRONG,가나안복지교회,15.6,MATCH_STRONG,가나안복지교회,14.8
facility:1306,facility,1306,강서구,강서구 발달장애인 평생교육센터,WELFARE,KEEP,유지,[지도/POI 1차판정] 카카오 지도 근거 확인 / 카카오=강서구장애인주간이용시설(7.0m); POI=꿈땅아동발달센터(0.9m),35.0886536,128.9016880,,,,,,,barrier_free_facility:9444,1306,,barrier_free_facility:9444,2026-04-27T08:19:05.747867+00:00,RENAME_REVIEW,KAKAO,KAKAO_STRONG,강서구장애인주간이용시설,7.0,MATCH_STRONG,꿈땅아동발달센터,0.9
facility:1313,facility,1313,강서구,강서구육아종합지원센터,WELFARE,KEEP,유지,[지도/POI 1차판정] 카카오 지도 근거 확인 / 카카오=부산강서구육아종합지원센터(12.8m); POI=강서다온어린이집(2.4m),35.1008902,128.9255743,,,,,,,barrier_free_facility:9476,1313,,barrier_free_facility:9476,2026-04-27T08:19:05.747867+00:00,KEEP,KAKAO,KAKAO_STRONG,부산강서구육아종합지원센터,12.8,MATCH_STRONG,강서다온어린이집,2.4
facility:1276,facility,1276,강서구,강서노인종합복지회관,WELFARE,KEEP,유지,[지도/POI 1차판정] 카카오 지도 근거 확인 / 카카오=강서노인종합복지관(10.3m); POI=강서노인종합복지관(2.4m),35.2073302,128.9734665,,,,,,,barrier_free_facility:9326,1276,,barrier_free_facility:9326,2026-04-27T08:19:05.747867+00:00,RENAME_REVIEW,KAKAO,KAKAO_STRONG,강서노인종합복지관,10.3,MATCH_STRONG,강서노인종합복지관,2.4
facility:1286,facility,1286,강서구,금빛재활주간보호,WELFARE,KEEP,유지,[지도/POI 1차판정] 카카오 지도 근거 확인 / 카카오=금빛재활주간보호센터(0.2m); POI=(주)금빛재활주간보호센터(1.6m),35.2166441,128.9399904,,,,,,,barrier_free_facility:9379,1286,,barrier_free_facility:9379,2026-04-27T08:19:05.747867+00:00,KEEP,KAKAO,KAKAO_STRONG,금빛재활주간보호센터,0.2,MATCH_STRONG,(주)금빛재활주간보호센터,1.6
facility:1288,facility,1288,강서구,대사1구행복센터,WELFARE,KEEP,유지,[지도/POI 1차판정] 카카오 지도 근거 확인 / 카카오=대사1구행복센터(0.7m); POI=대사1구행복센터(0.9m),35.2209242,128.9332920,,,,,,,barrier_free_facility:9392,1288,,barrier_free_facility:9392,2026-04-27T08:19:05.747867+00:00,KEEP,KAKAO,KAKAO_STRONG,대사1구행복센터,0.7,MATCH_STRONG,대사1구행복센터,0.9
facility:1308,facility,1308,강서구,명지 심리언어치료 센터,WELFARE,KEEP,유지,[지도/POI 1차판정] 카카오 지도 근거 확인 / 카카오=타파웨어 부산명지쿠킹스튜디오(7.8m); POI=GS25강서퀸덤점(4.1m),35.0885902,128.8991939,,,,,,,barrier_free_facility:9450,1308,,barrier_free_facility:9450,2026-04-27T08:19:05.747867+00:00,RENAME_REVIEW,KAKAO,KAKAO_STRONG,타파웨어 부산명지쿠킹스튜디오,7.8,MATCH_STRONG,GS25강서퀸덤점,4.1
facility:1311,facility,1311,강서구,명지노인종합복지관,WELFARE,KEEP,유지,[지도/POI 1차판정] 카카오 지도 근거 확인 / 카카오=명지노인종합복지관(4.2m); POI=명지노인종합복지관(1.3m),35.1105637,128.9230470,,,,,,,barrier_free_facility:9467,1311,,barrier_free_facility:9467,2026-04-27T08:19:05.747867+00:00,KEEP,KAKAO,KAKAO_STRONG,명지노인종합복지관,4.2,MATCH_STRONG,명지노인종합복지관,1.3
facility:1268,facility,1268,강서구,베데스다,WELFARE,KEEP,유지,[지도/POI 1차판정] 카카오 지도 근거 확인 / 카카오=베데스다(3.6m); POI=베데스다원(49.2m),35.2153320,128.9885858,,,,,,,barrier_free_facility:9162,1268,,barrier_free_facility:9162,2026-04-27T08:19:05.747867+00:00,KEEP,KAKAO,KAKAO_STRONG,베데스다,3.6,MATCH_STRONG,베데스다원,49.2
facility:1279,facility,1279,강서구,부산강서구정신건강복지센터,WELFARE,KEEP,유지,[지도/POI 1차판정] 카카오 지도 근거 확인 / 카카오=부산강서구 정신건강복지센터(3.4m); POI=뉴스코리아(0.0m),35.1813385,128.9575791,,,,,,,barrier_free_facility:9340,1279,,barrier_free_facility:9340,2026-04-27T08:19:05.747867+00:00,KEEP,KAKAO,KAKAO_STRONG,부산강서구 정신건강복지센터,3.4,MATCH_MEDIUM,뉴스코리아,0.0
facility:1272,facility,1272,강서구,부산장애인직업재활,WELFARE,KEEP,유지,[지도/POI 1차판정] 카카오 지도 근거 확인 / 카카오=부산장애인직업재활시설(0.1m); POI=부산장애인직업재활시설(0.0m),35.2192294,128.9670068,,,,,,,barrier_free_facility:9257,1272,,barrier_free_facility:9257,2026-04-27T08:19:05.747867+00:00,KEEP,KAKAO,KAKAO_STRONG,부산장애인직업재활시설,0.1,MATCH_STRONG,부산장애인직업재활시설,0.0
facility:1331,facility,1331,강서구,사암경로당,WELFARE,KEEP,유지,[지도/POI 1차판정] 카카오 지도 근거 확인 / 카카오=화암공원 화장실(1.5m); POI=화전진구노인복지관(0.9m),35.1105635,128.8775366,,,,,,,barrier_free_facility:9614,1331,,barrier_free_facility:9614,2026-04-27T08:19:05.747867+00:00,RENAME_REVIEW,KAKAO,KAKAO_MEDIUM,화암공원 화장실,1.5,MATCH_STRONG,화전진구노인복지관,0.9
facility:1339,facility,1339,강서구,성산1구경로당,WELFARE,KEEP,유지,"[지도/POI 1차판정] 카카오 지도 근거 확인 / 카카오=무더위,한파쉼터 성산1구경로당(0.8m); POI=성산1구경로당(2.2m)",35.1237658,128.8958329,,,,,,,barrier_free_facility:9651,1339,,barrier_free_facility:9651,2026-04-27T08:19:05.747867+00:00,RENAME_REVIEW,KAKAO,KAKAO_STRONG,"무더위,한파쉼터 성산1구경로당",0.8,MATCH_STRONG,성산1구경로당,2.2
facility:1377,facility,1377,강서구,소양무지개동산,WELFARE,KEEP,유지,[지도/POI 1차판정] 카카오 지도 근거 확인 / 카카오=소양무지개동산(46.8m); POI=소양무지개동산(51.8m),35.0425508,128.8308921,,,,,,,barrier_free_facility:9825,1377,,barrier_free_facility:9825,2026-04-27T08:19:05.747867+00:00,KEEP,KAKAO,KAKAO_STRONG,소양무지개동산,46.8,MATCH_STRONG,소양무지개동산,51.8
facility:1284,facility,1284,강서구,순서경로당,WELFARE,KEEP,유지,[지도/POI 1차판정] POI 근거리 확인 / POI=순서경로당(0.3m),35.1612970,128.9435989,,,,,,,barrier_free_facility:9367,1284,,barrier_free_facility:9367,2026-04-27T08:19:05.747867+00:00,POI_ONLY_RECHECK,POI,KAKAO_NO_RESULT,,,MATCH_STRONG,순서경로당,0.3
facility:1278,facility,1278,강서구,신소경로당,WELFARE,KEEP,유지,[지도/POI 1차판정] 카카오 지도 근거 확인 / 카카오=신소마을회관(0.1m); POI=신소경로당(2.9m),35.1827950,128.9562133,,,,,,,barrier_free_facility:9339,1278,,barrier_free_facility:9339,2026-04-27T08:19:05.747867+00:00,RENAME_REVIEW,KAKAO,KAKAO_MEDIUM,신소마을회관,0.1,MATCH_STRONG,신소경로당,2.9
facility:1285,facility,1285,강서구,월포경로당,WELFARE,KEEP,유지,"[지도/POI 1차판정] POI 근거리 확인 / 카카오=무더위,한파쉼터 경동메르빌여자경로당(33928.3m); POI=월포경로당(0.3m)",35.1543793,128.9378608,,,,,,,barrier_free_facility:9373,1285,,barrier_free_facility:9373,2026-04-27T08:19:05.747867+00:00,POI_ONLY_RECHECK,POI,KAKAO_NEARBY_ONLY,"무더위,한파쉼터 경동메르빌여자경로당",33928.3,MATCH_STRONG,월포경로당,0.3
facility:1302,facility,1302,강서구,을숙도노인요양원,WELFARE,KEEP,유지,[지도/POI 1차판정] 카카오 지도 근거 확인 / 카카오=을숙도노인요양원(2.2m); POI=을숙도노인요양원(2.7m),35.1158031,128.9238895,,,,,,,barrier_free_facility:9435,1302,,barrier_free_facility:9435,2026-04-27T08:19:05.747867+00:00,KEEP,KAKAO,KAKAO_STRONG,을숙도노인요양원,2.2,MATCH_STRONG,을숙도노인요양원,2.7
facility:1267,facility,1267,강서구,인혜원,WELFARE,KEEP,유지,[지도/POI 1차판정] 카카오 지도 근거 확인 / 카카오=인혜원(3.4m); POI=인혜원(0.0m),35.2163787,128.9868158,,,,,,,barrier_free_facility:9158,1267,,barrier_free_facility:9158,2026-04-27T08:19:05.747867+00:00,KEEP,KAKAO,KAKAO_STRONG,인혜원,3.4,MATCH_STRONG,인혜원,0.0
facility:1280,facility,1280,강서구,중앙경로당,WELFARE,KEEP,유지,"[지도/POI 1차판정] 카카오 지도 근거 확인 / 카카오=무더위,한파쉼터 중앙경로당(0.8m); POI=중앙경로당(0.7m)",35.1791713,128.9559074,,,,,,,barrier_free_facility:9342,1280,,barrier_free_facility:9342,2026-04-27T08:19:05.747867+00:00,RENAME_REVIEW,KAKAO,KAKAO_STRONG,"무더위,한파쉼터 중앙경로당",0.8,MATCH_STRONG,중앙경로당,0.7
facility:1380,facility,1380,강서구,진애원,WELFARE,KEEP,유지,[지도/POI 1차판정] 카카오 지도 근거 확인 / 카카오=진애원(2.5m); POI=진애생활복지원(0.0m),35.0562011,128.8289796,,,,,,,barrier_free_facility:9831,1380,,barrier_free_facility:9831,2026-04-27T08:19:05.747867+00:00,KEEP,KAKAO,KAKAO_STRONG,진애원,2.5,MATCH_STRONG,진애생활복지원,0.0
facility:1376,facility,1376,강서구,한마음데이케어센터,WELFARE,KEEP,유지,[지도/POI 1차판정] POI 근거리 확인: 카테고리는 후순위 재확인 대상 / 카카오=한마음데이케어센터(312266.9m); POI=경희빌딩/한마음데이케어센터(0.5m),35.0822582,128.8727264,,,,,,,barrier_free_facility:9818,1376,,barrier_free_facility:9818,2026-04-27T08:19:05.747867+00:00,POI_ONLY_CATEGORY_RECHECK,POI,KAKAO_WEAK,한마음데이케어센터,312266.9,MATCH_STRONG,경희빌딩/한마음데이케어센터,0.5
facility:2996,facility,2996,강서구,낙동강관리본부 대저생태공원 7,TOILET,REMOVE,제거,[지도/POI 1차판정] 지도/POI 근거 약함 / POI=공중화장실(259.1m),35.2126780,128.9895180,,,,,,,public_toilet:1644,2996,,public_toilet:1644,2026-04-27T08:19:05.747867+00:00,REMOVE_REVIEW,POI,KAKAO_NO_RESULT,,,NEARBY_ONLY,공중화장실,259.1
facility:2991,facility,2991,강서구,낙동강관리본부 대저생태공원 4,TOILET,REVIEW,보류,[지도/POI 1차판정] 화장실은 지도명만으로 실재/개방 여부 확정 어려움 / POI=공중화장실(174.1m),35.2043870,128.9801060,,,,,,,public_toilet:1633,2991,,public_toilet:1633,2026-04-27T08:19:05.747867+00:00,MANUAL_REVIEW,POI,KAKAO_NO_RESULT,,,MATCH_WEAK,공중화장실,174.1
facility:2905,facility,2905,강서구,낙동강관리본부 대저생태공원 6,TOILET,REVIEW,보류,[지도/POI 1차판정] 화장실은 지도명만으로 실재/개방 여부 확정 어려움 / POI=공중화장실(145.5m),35.1980380,128.9693460,,,,,,,public_toilet:1511,2905,,public_toilet:1511,2026-04-27T08:19:05.747867+00:00,MANUAL_REVIEW,POI,KAKAO_NO_RESULT,,,MATCH_WEAK,공중화장실,145.5
facility:2921,facility,2921,강서구,낙동강관리본부 맥도생태공원 3,TOILET,REVIEW,보류,[지도/POI 1차판정] 화장실은 지도명만으로 실재/개방 여부 확정 어려움 / POI=공중화장실(128.9m),35.1509920,128.9564250,,,,,,,public_toilet:1533,2921,,public_toilet:1533,2026-04-27T08:19:05.747867+00:00,MANUAL_REVIEW,POI,KAKAO_NO_RESULT,,,MATCH_WEAK,공중화장실,128.9
facility:2908,facility,2908,강서구,녹산고향동산1(기념관),TOILET,REVIEW,보류,[지도/POI 1차판정] 화장실은 지도명만으로 실재/개방 여부 확정 어려움 / 카카오=녹산고향동산 기념관(182.9m); POI=녹산고향동산(156.6m),35.1562700,128.8867000,,,,,,,public_toilet:1517,2908,,public_toilet:1517,2026-04-27T08:19:05.747867+00:00,RENAME_REVIEW,KAKAO,KAKAO_MEDIUM,녹산고향동산 기념관,182.9,MATCH_WEAK,녹산고향동산,156.6
facility:3010,facility,3010,강서구,녹산고향동산2(배수펌프장),TOILET,REVIEW,보류,[지도/POI 1차판정] 화장실은 지도명만으로 실재/개방 여부 확정 어려움 / 카카오=녹산고향동산 기념관(178.6m); POI=녹산고향동산(156.5m),35.1562200,128.8868000,,,,,,,public_toilet:1664,3010,,public_toilet:1664,2026-04-27T08:19:05.747867+00:00,RENAME_REVIEW,KAKAO,KAKAO_MEDIUM,녹산고향동산 기념관,178.6,MATCH_WEAK,녹산고향동산,156.5
facility:2974,facility,2974,강서구,명지오션시티 남쪽,TOILET,REVIEW,보류,[지도/POI 1차판정] 화장실은 지도명만으로 실재/개방 여부 확정 어려움 / POI=오션초등학교(버스정류장)(133.2m),35.0791785,128.9078068,,,,,,,public_toilet:1608,2974,,public_toilet:1608,2026-04-27T08:19:05.747867+00:00,POI_ONLY_RECHECK,POI,KAKAO_NO_RESULT,,,MATCH_MEDIUM,오션초등학교(버스정류장),133.2
facility:2897,facility,2897,강서구,부산강서세무서 공중화장실,TOILET,REVIEW,보류,[지도/POI 1차판정] 근거 약함: 카카오/POI는 있으나 내부 화장실·상위 시설 맥락이라 지도 확인 필요 / 카카오=SC제일은행 명지국제신도시지점(2.6m); POI=공중화장실(2.7m),35.0966148,128.9061852,,,,,,,public_toilet:1496,2897,,public_toilet:1496,2026-04-27T08:19:05.747867+00:00,REVIEW_OR_REMOVE,KAKAO,KAKAO_STRONG,SC제일은행 명지국제신도시지점,2.6,MATCH_STRONG,공중화장실,2.7
facility:3000,facility,3000,강서구,삼성자동차동문(북),TOILET,REVIEW,보류,[지도/POI 1차판정] 화장실은 지도명만으로 실재/개방 여부 확정 어려움 / 카카오=공중화장실(247.0m); POI=공중화장실(248.2m),35.0925000,128.8875000,,,,,,,public_toilet:1650,3000,,public_toilet:1650,2026-04-27T08:19:05.747867+00:00,MANUAL_REVIEW,POI,KAKAO_WEAK,공중화장실,247.0,MATCH_WEAK,공중화장실,248.2
facility:2945,facility,2945,강서구,항월마을,TOILET,REVIEW,보류,[지도/POI 1차판정] 화장실은 지도명만으로 실재/개방 여부 확정 어려움 / 카카오=항월마을회관(198.2m); POI=항월마을회관입구(185.9m),35.0734700,128.8380000,,,,,,,public_toilet:1565,2945,,public_toilet:1565,2026-04-27T08:19:05.747867+00:00,CATEGORY_REVIEW,KAKAO,KAKAO_MEDIUM,항월마을회관,198.2,MATCH_WEAK,항월마을회관입구,185.9
facility:23,facility,23,강서구,부산강서문화원,TOURIST_SPOT,REVIEW,보류,[지도/POI 1차판정] 지도 근거는 있으나 이름/분류/거리 확인 필요 / 카카오=부산강서문화원(236.8m); POI=부산강서문화원(99.3m),35.2113235,128.9805054,,,,,,,tourist_spot:24,23,,tourist_spot:24,2026-04-27T08:19:05.747867+00:00,POI_ONLY_RECHECK,POI,KAKAO_WEAK,부산강서문화원,236.8,MATCH_MEDIUM,부산강서문화원,99.3
